<collection xmlns="http://exist.sourceforge.net/NS/exist" name="/db/apps/monex/resources/css" version="1" owner="monex" group="monex" mode="775" created="2018-04-10T17:23:57.884+02:00">
    <acl entries="0" version="1"/>
    <resource type="BinaryResource" name="ionicons.min.css" skip="no" owner="monex" group="monex" mode="664" created="2018-04-10T17:23:57.885+02:00" modified="2018-04-10T17:23:57.885+02:00" filename="ionicons.min.css" mimetype="text/css">
        <acl entries="0" version="1"/>
    </resource>
    <resource type="BinaryResource" name="skin-black.min.css" skip="no" owner="monex" group="monex" mode="664" created="2018-04-10T17:23:57.887+02:00" modified="2018-04-10T17:23:57.887+02:00" filename="skin-black.min.css" mimetype="text/css">
        <acl entries="0" version="1"/>
    </resource>
    <resource type="BinaryResource" name="AdminLTE.css" skip="no" owner="monex" group="monex" mode="664" created="2018-04-10T17:23:57.888+02:00" modified="2018-04-10T17:23:57.888+02:00" filename="AdminLTE.css" mimetype="text/css">
        <acl entries="0" version="1"/>
    </resource>
    <resource type="BinaryResource" name="ion.rangeSlider.css" skip="no" owner="monex" group="monex" mode="664" created="2018-04-10T17:23:57.89+02:00" modified="2018-04-10T17:23:57.89+02:00" filename="ion.rangeSlider.css" mimetype="text/css">
        <acl entries="0" version="1"/>
    </resource>
    <resource type="BinaryResource" name="font-awesome.min.css" skip="no" owner="monex" group="monex" mode="664" created="2018-04-10T17:23:57.892+02:00" modified="2018-04-10T17:23:57.892+02:00" filename="font-awesome.min.css" mimetype="text/css">
        <acl entries="0" version="1"/>
    </resource>
    <resource type="BinaryResource" name="ion.rangeSlider.skinFlat.css" skip="no" owner="monex" group="monex" mode="664" created="2018-04-10T17:23:57.893+02:00" modified="2018-04-10T17:23:57.893+02:00" filename="ion.rangeSlider.skinFlat.css" mimetype="text/css">
        <acl entries="0" version="1"/>
    </resource>
    <resource type="BinaryResource" name="style.css" skip="no" owner="monex" group="monex" mode="664" created="2018-04-10T17:23:57.894+02:00" modified="2018-04-10T17:23:57.894+02:00" filename="style.css" mimetype="text/css">
        <acl entries="0" version="1"/>
    </resource>
</collection>