<collection xmlns="http://exist.sourceforge.net/NS/exist" name="/db/apps/exist-book/building-applications/restxq" version="1" owner="admin" group="dba" mode="775" created="2018-04-10T17:57:34.941+02:00">
    <acl entries="0" version="1"/>
    <resource type="BinaryResource" name="restxq-example-5.xqm" skip="no" owner="admin" group="dba" mode="775" created="2018-04-10T17:57:34.944+02:00" modified="2018-04-10T17:57:34.944+02:00" filename="restxq-example-5.xqm" mimetype="application/xquery">
        <acl entries="0" version="1"/>
    </resource>
    <resource type="BinaryResource" name="restxq-example-6.xqm" skip="no" owner="admin" group="dba" mode="775" created="2018-04-10T17:57:35.01+02:00" modified="2018-04-10T17:57:35.01+02:00" filename="restxq-example-6.xqm" mimetype="application/xquery">
        <acl entries="0" version="1"/>
    </resource>
    <resource type="BinaryResource" name="restxq-example-4.xqm" skip="no" owner="admin" group="dba" mode="775" created="2018-04-10T17:57:35.038+02:00" modified="2018-04-10T17:57:35.038+02:00" filename="restxq-example-4.xqm" mimetype="application/xquery">
        <acl entries="0" version="1"/>
    </resource>
    <resource type="BinaryResource" name="restxq-example-3.xqm" skip="no" owner="admin" group="dba" mode="775" created="2018-04-10T17:57:35.064+02:00" modified="2018-04-10T17:57:35.064+02:00" filename="restxq-example-3.xqm" mimetype="application/xquery">
        <acl entries="0" version="1"/>
    </resource>
    <resource type="BinaryResource" name="restxq-example-2.xqm" skip="no" owner="admin" group="dba" mode="775" created="2018-04-10T17:57:35.092+02:00" modified="2018-04-10T17:57:35.092+02:00" filename="restxq-example-2.xqm" mimetype="application/xquery">
        <acl entries="0" version="1"/>
    </resource>
    <resource type="BinaryResource" name="restxq-example-1.xqm" skip="no" owner="admin" group="dba" mode="775" created="2018-04-10T17:57:35.189+02:00" modified="2018-04-10T17:57:35.189+02:00" filename="restxq-example-1.xqm" mimetype="application/xquery">
        <acl entries="0" version="1"/>
    </resource>
    <resource type="BinaryResource" name="restxq-example-7.xqm" skip="no" owner="admin" group="dba" mode="775" created="2018-04-10T17:57:35.212+02:00" modified="2018-04-10T17:57:35.212+02:00" filename="restxq-example-7.xqm" mimetype="application/xquery">
        <acl entries="0" version="1"/>
    </resource>
</collection>