<collection xmlns="http://exist.sourceforge.net/NS/exist" name="/db/apps/exist101/data" version="1" owner="admin" group="dba" mode="755" created="2018-04-10T18:17:39.927+02:00">
    <acl entries="0" version="1"/>
    <resource type="XMLResource" name="hamlet.xml" skip="no" owner="admin" group="dba" mode="644" created="2018-04-10T18:13:22.306+02:00" modified="2018-04-10T18:13:22.306+02:00" filename="hamlet.xml" mimetype="application/xml">
        <acl entries="0" version="1"/>
    </resource>
    <resource type="XMLResource" name="macbeth.xml" skip="no" owner="admin" group="dba" mode="644" created="2018-04-10T18:13:22.661+02:00" modified="2018-04-10T18:13:22.661+02:00" filename="macbeth.xml" mimetype="application/xml">
        <acl entries="0" version="1"/>
    </resource>
    <resource type="XMLResource" name="r%20and%20j.xml" skip="no" owner="admin" group="dba" mode="644" created="2018-04-10T18:13:22.914+02:00" modified="2018-04-10T18:13:22.914+02:00" filename="r and j.xml" mimetype="application/xml">
        <acl entries="0" version="1"/>
    </resource>
</collection>