<collection xmlns="http://exist.sourceforge.net/NS/exist" name="/db/apps/eXide/resources/scripts" version="1" owner="eXide" group="eXide" mode="775" created="2018-04-10T17:23:56.863+02:00">
    <acl entries="0" version="1"/>
    <resource type="BinaryResource" name="d3.v3.min.js" skip="no" owner="eXide" group="eXide" mode="775" created="2018-04-10T17:23:56.865+02:00" modified="2018-04-10T17:23:56.865+02:00" filename="d3.v3.min.js" mimetype="application/javascript">
        <acl entries="0" version="1"/>
    </resource>
    <resource type="BinaryResource" name="xqlint.min.js" skip="no" owner="eXide" group="eXide" mode="775" created="2018-04-10T17:23:56.867+02:00" modified="2018-04-10T17:23:56.867+02:00" filename="xqlint.min.js" mimetype="application/javascript">
        <acl entries="0" version="1"/>
    </resource>
    <resource type="BinaryResource" name="eXide.min.js" skip="no" owner="eXide" group="eXide" mode="775" created="2018-04-10T17:23:56.87+02:00" modified="2018-04-10T17:23:56.87+02:00" filename="eXide.min.js" mimetype="application/javascript">
        <acl entries="0" version="1"/>
    </resource>
    <resource type="BinaryResource" name="require.js" skip="no" owner="eXide" group="eXide" mode="775" created="2018-04-10T17:23:56.872+02:00" modified="2018-04-10T17:23:56.872+02:00" filename="require.js" mimetype="application/javascript">
        <acl entries="0" version="1"/>
    </resource>
    <resource type="BinaryResource" name="less.min.js" skip="no" owner="eXide" group="eXide" mode="775" created="2018-04-10T17:23:56.874+02:00" modified="2018-04-10T17:23:56.874+02:00" filename="less.min.js" mimetype="application/javascript">
        <acl entries="0" version="1"/>
    </resource>
    <resource type="BinaryResource" name="modernizr.custom.js" skip="no" owner="eXide" group="eXide" mode="775" created="2018-04-10T17:23:56.876+02:00" modified="2018-04-10T17:23:56.876+02:00" filename="modernizr.custom.js" mimetype="application/javascript">
        <acl entries="0" version="1"/>
    </resource>
    <subcollection name="jquery" filename="jquery"/>
</collection>