<collection xmlns="http://exist.sourceforge.net/NS/exist" name="/db/apps/dashboard/modules" version="1" owner="SYSTEM" group="dba" mode="755" created="2018-04-10T17:23:55.934+02:00">
    <acl entries="0" version="1"/>
    <resource type="BinaryResource" name="config.xqm" skip="no" owner="SYSTEM" group="dba" mode="755" created="2018-04-10T17:23:55.936+02:00" modified="2018-04-10T17:23:55.936+02:00" filename="config.xqm" mimetype="application/xquery">
        <acl entries="0" version="1"/>
    </resource>
    <resource type="BinaryResource" name="get-packages.xql" skip="no" owner="SYSTEM" group="dba" mode="755" created="2018-04-10T17:23:55.938+02:00" modified="2018-04-10T17:23:55.938+02:00" filename="get-packages.xql" mimetype="application/xquery">
        <acl entries="0" version="1"/>
    </resource>
    <resource type="BinaryResource" name="restxq.xql" skip="no" owner="SYSTEM" group="dba" mode="755" created="2018-04-10T17:23:55.939+02:00" modified="2018-04-10T17:23:55.939+02:00" filename="restxq.xql" mimetype="application/xquery">
        <acl entries="0" version="1"/>
    </resource>
    <resource type="BinaryResource" name="view.xql" skip="no" owner="SYSTEM" group="dba" mode="755" created="2018-04-10T17:23:55.94+02:00" modified="2018-04-10T17:23:55.94+02:00" filename="view.xql" mimetype="application/xquery">
        <acl entries="0" version="1"/>
    </resource>
    <resource type="BinaryResource" name="templates.xql" skip="no" owner="SYSTEM" group="dba" mode="755" created="2018-04-10T17:23:55.942+02:00" modified="2018-04-10T17:23:55.942+02:00" filename="templates.xql" mimetype="application/xquery">
        <acl entries="0" version="1"/>
    </resource>
    <resource type="BinaryResource" name="get-icon.xql" skip="no" owner="SYSTEM" group="dba" mode="755" created="2018-04-10T17:23:55.943+02:00" modified="2018-04-10T17:23:55.943+02:00" filename="get-icon.xql" mimetype="application/xquery">
        <acl entries="0" version="1"/>
    </resource>
    <resource type="BinaryResource" name="dashboard.xql" skip="no" owner="SYSTEM" group="dba" mode="755" created="2018-04-10T17:23:55.944+02:00" modified="2018-04-10T17:23:55.944+02:00" filename="dashboard.xql" mimetype="application/xquery">
        <acl entries="0" version="1"/>
    </resource>
    <resource type="BinaryResource" name="app.xql" skip="no" owner="SYSTEM" group="dba" mode="755" created="2018-04-10T17:23:55.945+02:00" modified="2018-04-10T17:23:55.945+02:00" filename="app.xql" mimetype="application/xquery">
        <acl entries="0" version="1"/>
    </resource>
    <resource type="BinaryResource" name="install.xql" skip="no" owner="SYSTEM" group="dba" mode="755" created="2018-04-10T17:23:55.947+02:00" modified="2018-04-10T17:23:55.947+02:00" filename="install.xql" mimetype="application/xquery">
        <acl entries="0" version="1"/>
    </resource>
    <resource type="BinaryResource" name="login-helper.xql" skip="no" owner="SYSTEM" group="dba" mode="755" created="2018-04-10T17:23:55.948+02:00" modified="2018-04-10T17:23:55.948+02:00" filename="login-helper.xql" mimetype="application/xquery">
        <acl entries="0" version="1"/>
    </resource>
</collection>