<collection xmlns="http://exist.sourceforge.net/NS/exist" name="/db/apps/dashboard/resources/css" version="1" owner="SYSTEM" group="dba" mode="755" created="2018-04-10T17:23:56.194+02:00">
    <acl entries="0" version="1"/>
    <resource type="BinaryResource" name="base.less" skip="no" owner="SYSTEM" group="dba" mode="644" created="2018-04-10T17:23:56.195+02:00" modified="2018-04-10T17:23:56.195+02:00" filename="base.less" mimetype="application/less">
        <acl entries="0" version="1"/>
    </resource>
    <resource type="BinaryResource" name="Quicksand_Book-webfont.ttf" skip="no" owner="SYSTEM" group="dba" mode="644" created="2018-04-10T17:23:56.197+02:00" modified="2018-04-10T17:23:56.197+02:00" filename="Quicksand_Book-webfont.ttf" mimetype="application/octet-stream">
        <acl entries="0" version="1"/>
    </resource>
    <resource type="BinaryResource" name="base.css" skip="no" owner="SYSTEM" group="dba" mode="644" created="2018-04-10T17:23:56.198+02:00" modified="2018-04-10T17:23:56.198+02:00" filename="base.css" mimetype="text/css">
        <acl entries="0" version="1"/>
    </resource>
    <resource type="XMLResource" name="Quicksand_Book-webfont.svg" skip="no" owner="SYSTEM" group="dba" mode="644" created="2018-04-10T17:23:56.199+02:00" modified="2018-04-10T17:23:56.199+02:00" filename="Quicksand_Book-webfont.svg" mimetype="image/svg+xml">
        <acl entries="0" version="1"/>
    </resource>
    <resource type="BinaryResource" name="fonts.css" skip="no" owner="SYSTEM" group="dba" mode="644" created="2018-04-10T17:23:56.231+02:00" modified="2018-04-10T17:23:56.231+02:00" filename="fonts.css" mimetype="text/css">
        <acl entries="0" version="1"/>
    </resource>
    <resource type="BinaryResource" name="Quicksand_Book-webfont.woff" skip="no" owner="SYSTEM" group="dba" mode="644" created="2018-04-10T17:23:56.232+02:00" modified="2018-04-10T17:23:56.232+02:00" filename="Quicksand_Book-webfont.woff" mimetype="application/font-woff">
        <acl entries="0" version="1"/>
    </resource>
    <resource type="BinaryResource" name="Quicksand_Book-webfont.eot" skip="no" owner="SYSTEM" group="dba" mode="644" created="2018-04-10T17:23:56.234+02:00" modified="2018-04-10T17:23:56.234+02:00" filename="Quicksand_Book-webfont.eot" mimetype="application/octet-stream">
        <acl entries="0" version="1"/>
    </resource>
    <resource type="BinaryResource" name="global.css" skip="no" owner="SYSTEM" group="dba" mode="644" created="2018-04-10T17:23:56.235+02:00" modified="2018-04-10T17:23:56.235+02:00" filename="global.css" mimetype="text/css">
        <acl entries="0" version="1"/>
    </resource>
    <resource type="BinaryResource" name="global.less" skip="no" owner="SYSTEM" group="dba" mode="644" created="2018-04-10T17:23:56.236+02:00" modified="2018-04-10T17:23:56.236+02:00" filename="global.less" mimetype="application/less">
        <acl entries="0" version="1"/>
    </resource>
</collection>