<collection xmlns="http://exist.sourceforge.net/NS/exist" name="/db/apps/shared-resources/resources/css" version="1" owner="admin" group="dba" mode="775" created="2018-04-10T17:23:53.727+02:00">
    <acl entries="0" version="1"/>
    <resource type="BinaryResource" name="exist.css" skip="no" owner="admin" group="dba" mode="775" created="2018-04-10T17:23:53.728+02:00" modified="2018-04-10T17:23:53.728+02:00" filename="exist.css" mimetype="text/css">
        <acl entries="0" version="1"/>
    </resource>
    <resource type="BinaryResource" name="bootstrap.min.css" skip="no" owner="admin" group="dba" mode="775" created="2018-04-10T17:23:53.73+02:00" modified="2018-04-10T17:23:53.73+02:00" filename="bootstrap.min.css" mimetype="text/css">
        <acl entries="0" version="1"/>
    </resource>
    <resource type="BinaryResource" name="exist-2.2.less" skip="no" owner="admin" group="dba" mode="775" created="2018-04-10T17:23:53.732+02:00" modified="2018-04-10T17:23:53.732+02:00" filename="exist-2.2.less" mimetype="application/less">
        <acl entries="0" version="1"/>
    </resource>
    <resource type="BinaryResource" name="settings.less" skip="no" owner="admin" group="dba" mode="775" created="2018-04-10T17:23:53.733+02:00" modified="2018-04-10T17:23:53.733+02:00" filename="settings.less" mimetype="application/less">
        <acl entries="0" version="1"/>
    </resource>
    <resource type="BinaryResource" name="Quicksand_Book-webfont.ttf" skip="no" owner="admin" group="dba" mode="775" created="2018-04-10T17:23:53.735+02:00" modified="2018-04-10T17:23:53.735+02:00" filename="Quicksand_Book-webfont.ttf" mimetype="application/octet-stream">
        <acl entries="0" version="1"/>
    </resource>
    <resource type="XMLResource" name="Quicksand_Book-webfont.svg" skip="no" owner="admin" group="dba" mode="775" created="2018-04-10T17:23:53.736+02:00" modified="2018-04-10T17:23:53.736+02:00" filename="Quicksand_Book-webfont.svg" mimetype="image/svg+xml">
        <acl entries="0" version="1"/>
    </resource>
    <resource type="BinaryResource" name="exist.less" skip="no" owner="admin" group="dba" mode="775" created="2018-04-10T17:23:53.782+02:00" modified="2018-04-10T17:23:53.782+02:00" filename="exist.less" mimetype="application/less">
        <acl entries="0" version="1"/>
    </resource>
    <resource type="BinaryResource" name="bootstrap-responsive.min.css" skip="no" owner="admin" group="dba" mode="775" created="2018-04-10T17:23:53.784+02:00" modified="2018-04-10T17:23:53.784+02:00" filename="bootstrap-responsive.min.css" mimetype="text/css">
        <acl entries="0" version="1"/>
    </resource>
    <resource type="BinaryResource" name="fonts.css" skip="no" owner="admin" group="dba" mode="775" created="2018-04-10T17:23:53.785+02:00" modified="2018-04-10T17:23:53.785+02:00" filename="fonts.css" mimetype="text/css">
        <acl entries="0" version="1"/>
    </resource>
    <resource type="BinaryResource" name="bootstrap-3.0.3.min.css" skip="no" owner="admin" group="dba" mode="775" created="2018-04-10T17:23:53.787+02:00" modified="2018-04-10T17:23:53.787+02:00" filename="bootstrap-3.0.3.min.css" mimetype="text/css">
        <acl entries="0" version="1"/>
    </resource>
    <resource type="BinaryResource" name="Quicksand_Book-webfont.woff" skip="no" owner="admin" group="dba" mode="775" created="2018-04-10T17:23:53.789+02:00" modified="2018-04-10T17:23:53.789+02:00" filename="Quicksand_Book-webfont.woff" mimetype="application/font-woff">
        <acl entries="0" version="1"/>
    </resource>
    <resource type="BinaryResource" name="Quicksand_Book-webfont.eot" skip="no" owner="admin" group="dba" mode="775" created="2018-04-10T17:23:53.791+02:00" modified="2018-04-10T17:23:53.791+02:00" filename="Quicksand_Book-webfont.eot" mimetype="application/octet-stream">
        <acl entries="0" version="1"/>
    </resource>
    <resource type="BinaryResource" name="exist-2.2.css" skip="no" owner="admin" group="dba" mode="775" created="2018-04-10T17:23:53.792+02:00" modified="2018-04-10T17:23:53.792+02:00" filename="exist-2.2.css" mimetype="text/css">
        <acl entries="0" version="1"/>
    </resource>
    <resource type="BinaryResource" name="content.less" skip="no" owner="admin" group="dba" mode="775" created="2018-04-10T17:23:53.794+02:00" modified="2018-04-10T17:23:53.794+02:00" filename="content.less" mimetype="application/less">
        <acl entries="0" version="1"/>
    </resource>
</collection>