<collection xmlns="http://exist.sourceforge.net/NS/exist" name="/db/apps/dashboard" version="1" owner="SYSTEM" group="dba" mode="755" created="2018-04-10T17:23:55.883+02:00">
    <acl entries="0" version="1"/>
    <resource type="BinaryResource" name="controller.xql" skip="no" owner="SYSTEM" group="dba" mode="755" created="2018-04-10T17:23:55.918+02:00" modified="2018-04-10T17:23:55.918+02:00" filename="controller.xql" mimetype="application/xquery">
        <acl entries="0" version="1"/>
    </resource>
    <resource type="BinaryResource" name="icon.png" skip="no" owner="SYSTEM" group="dba" mode="644" created="2018-04-10T17:23:55.919+02:00" modified="2018-04-10T17:23:55.919+02:00" filename="icon.png" mimetype="image/png">
        <acl entries="0" version="1"/>
    </resource>
    <resource type="BinaryResource" name="pre-install.xql" skip="no" owner="SYSTEM" group="dba" mode="755" created="2018-04-10T17:23:55.92+02:00" modified="2018-04-10T17:23:55.92+02:00" filename="pre-install.xql" mimetype="application/xquery">
        <acl entries="0" version="1"/>
    </resource>
    <resource type="XMLResource" name="collection.xconf" skip="no" owner="SYSTEM" group="dba" mode="644" created="2018-04-10T17:23:55.922+02:00" modified="2018-04-10T17:23:55.922+02:00" filename="collection.xconf" mimetype="application/xml">
        <acl entries="0" version="1"/>
    </resource>
    <resource type="XMLResource" name="defaults.xml" skip="no" owner="SYSTEM" group="dba" mode="644" created="2018-04-10T17:23:55.925+02:00" modified="2018-04-10T17:23:55.925+02:00" filename="defaults.xml" mimetype="application/xml">
        <acl entries="0" version="1"/>
    </resource>
    <resource type="XMLResource" name="repo.xml" skip="no" owner="SYSTEM" group="dba" mode="644" created="2018-04-10T17:23:56.24+02:00" modified="2018-04-10T17:23:56.24+02:00" filename="repo.xml" mimetype="application/xml">
        <acl entries="0" version="1"/>
    </resource>
    <resource type="BinaryResource" name="Readme.md" skip="no" owner="SYSTEM" group="dba" mode="644" created="2018-04-10T17:23:55.885+02:00" modified="2018-04-10T17:23:55.885+02:00" filename="Readme.md" mimetype="text/markdown">
        <acl entries="0" version="1"/>
    </resource>
    <resource type="XMLResource" name="configuration.xml" skip="no" owner="SYSTEM" group="dba" mode="644" created="2018-04-10T17:23:55.886+02:00" modified="2018-04-10T17:23:55.886+02:00" filename="configuration.xml" mimetype="application/xml">
        <acl entries="0" version="1"/>
    </resource>
    <resource type="XMLResource" name="expath-pkg.xml" skip="no" owner="SYSTEM" group="dba" mode="644" created="2018-04-10T17:23:55.89+02:00" modified="2018-04-10T17:23:55.89+02:00" filename="expath-pkg.xml" mimetype="application/xml">
        <acl entries="0" version="1"/>
    </resource>
    <resource type="XMLResource" name="index.html" skip="no" owner="SYSTEM" group="dba" mode="644" created="2018-04-10T17:23:55.895+02:00" modified="2018-04-10T17:23:55.895+02:00" filename="index.html" mimetype="text/html">
        <acl entries="0" version="1"/>
    </resource>
    <resource type="XMLResource" name="build.xml" skip="no" owner="SYSTEM" group="dba" mode="644" created="2018-04-10T17:23:55.903+02:00" modified="2018-04-10T17:23:55.903+02:00" filename="build.xml" mimetype="application/xml">
        <acl entries="0" version="1"/>
    </resource>
    <resource type="XMLResource" name="error-page.html" skip="no" owner="SYSTEM" group="dba" mode="644" created="2018-04-10T17:23:55.913+02:00" modified="2018-04-10T17:23:55.913+02:00" filename="error-page.html" mimetype="text/html">
        <acl entries="0" version="1"/>
    </resource>
    <subcollection name="templates" filename="templates"/>
    <subcollection name="plugins" filename="plugins"/>
    <subcollection name="modules" filename="modules"/>
    <subcollection name="resources" filename="resources"/>
</collection>