<collection xmlns="http://exist.sourceforge.net/NS/exist" name="/db/apps/eXide/resources/scripts/jquery" version="1" owner="eXide" group="eXide" mode="775" created="2018-04-10T17:23:56.878+02:00">
    <acl entries="0" version="1"/>
    <resource type="BinaryResource" name="jquery-1.9.1.min.js" skip="no" owner="eXide" group="eXide" mode="775" created="2018-04-10T17:23:56.894+02:00" modified="2018-04-10T17:23:56.894+02:00" filename="jquery-1.9.1.min.js" mimetype="application/javascript">
        <acl entries="0" version="1"/>
    </resource>
    <resource type="BinaryResource" name="jquery-ui-1.10.3.custom.min.js" skip="no" owner="eXide" group="eXide" mode="775" created="2018-04-10T17:23:56.896+02:00" modified="2018-04-10T17:23:56.896+02:00" filename="jquery-ui-1.10.3.custom.min.js" mimetype="application/javascript">
        <acl entries="0" version="1"/>
    </resource>
    <resource type="BinaryResource" name="jquery.event.drag-2.2.js" skip="no" owner="eXide" group="eXide" mode="775" created="2018-04-10T17:23:56.898+02:00" modified="2018-04-10T17:23:56.898+02:00" filename="jquery.event.drag-2.2.js" mimetype="application/javascript">
        <acl entries="0" version="1"/>
    </resource>
    <resource type="BinaryResource" name="jquery.layout-1.3.0.rc30.79.js" skip="no" owner="eXide" group="eXide" mode="775" created="2018-04-10T17:23:56.899+02:00" modified="2018-04-10T17:23:56.899+02:00" filename="jquery.layout-1.3.0.rc30.79.js" mimetype="application/javascript">
        <acl entries="0" version="1"/>
    </resource>
    <resource type="BinaryResource" name="slick.formatters.js" skip="no" owner="eXide" group="eXide" mode="775" created="2018-04-10T17:23:56.901+02:00" modified="2018-04-10T17:23:56.901+02:00" filename="slick.formatters.js" mimetype="application/javascript">
        <acl entries="0" version="1"/>
    </resource>
    <resource type="BinaryResource" name="jquery.fileupload-ui.js" skip="no" owner="eXide" group="eXide" mode="775" created="2018-04-10T17:23:56.903+02:00" modified="2018-04-10T17:23:56.903+02:00" filename="jquery.fileupload-ui.js" mimetype="application/javascript">
        <acl entries="0" version="1"/>
    </resource>
    <resource type="BinaryResource" name="jquery.layout-latest.css" skip="no" owner="eXide" group="eXide" mode="775" created="2018-04-10T17:23:56.904+02:00" modified="2018-04-10T17:23:56.904+02:00" filename="jquery.layout-latest.css" mimetype="text/css">
        <acl entries="0" version="1"/>
    </resource>
    <resource type="BinaryResource" name="slick.cellrangeselector.js" skip="no" owner="eXide" group="eXide" mode="775" created="2018-04-10T17:23:56.88+02:00" modified="2018-04-10T17:23:56.88+02:00" filename="slick.cellrangeselector.js" mimetype="application/javascript">
        <acl entries="0" version="1"/>
    </resource>
    <resource type="BinaryResource" name="slick.grid.js" skip="no" owner="eXide" group="eXide" mode="775" created="2018-04-10T17:23:56.881+02:00" modified="2018-04-10T17:23:56.881+02:00" filename="slick.grid.js" mimetype="application/javascript">
        <acl entries="0" version="1"/>
    </resource>
    <resource type="BinaryResource" name="jquery.fileupload-process.js" skip="no" owner="eXide" group="eXide" mode="775" created="2018-04-10T17:23:56.883+02:00" modified="2018-04-10T17:23:56.883+02:00" filename="jquery.fileupload-process.js" mimetype="application/javascript">
        <acl entries="0" version="1"/>
    </resource>
    <resource type="BinaryResource" name="slick.core.js" skip="no" owner="eXide" group="eXide" mode="775" created="2018-04-10T17:23:56.884+02:00" modified="2018-04-10T17:23:56.884+02:00" filename="slick.core.js" mimetype="application/javascript">
        <acl entries="0" version="1"/>
    </resource>
    <resource type="BinaryResource" name="slick.editors.js" skip="no" owner="eXide" group="eXide" mode="775" created="2018-04-10T17:23:56.886+02:00" modified="2018-04-10T17:23:56.886+02:00" filename="slick.editors.js" mimetype="application/javascript">
        <acl entries="0" version="1"/>
    </resource>
    <resource type="BinaryResource" name="jquery.plugins.min.js" skip="no" owner="eXide" group="eXide" mode="775" created="2018-04-10T17:23:56.887+02:00" modified="2018-04-10T17:23:56.887+02:00" filename="jquery.plugins.min.js" mimetype="application/javascript">
        <acl entries="0" version="1"/>
    </resource>
    <resource type="BinaryResource" name="slick.grid.css" skip="no" owner="eXide" group="eXide" mode="775" created="2018-04-10T17:23:56.889+02:00" modified="2018-04-10T17:23:56.889+02:00" filename="slick.grid.css" mimetype="text/css">
        <acl entries="0" version="1"/>
    </resource>
    <resource type="BinaryResource" name="slick.rowselectionmodel.js" skip="no" owner="eXide" group="eXide" mode="775" created="2018-04-10T17:23:56.89+02:00" modified="2018-04-10T17:23:56.89+02:00" filename="slick.rowselectionmodel.js" mimetype="application/javascript">
        <acl entries="0" version="1"/>
    </resource>
    <resource type="BinaryResource" name="jquery.fileupload.js" skip="no" owner="eXide" group="eXide" mode="775" created="2018-04-10T17:23:56.891+02:00" modified="2018-04-10T17:23:56.891+02:00" filename="jquery.fileupload.js" mimetype="application/javascript">
        <acl entries="0" version="1"/>
    </resource>
    <resource type="BinaryResource" name="slick.cellselectionmodel.js" skip="no" owner="eXide" group="eXide" mode="775" created="2018-04-10T17:23:56.893+02:00" modified="2018-04-10T17:23:56.893+02:00" filename="slick.cellselectionmodel.js" mimetype="application/javascript">
        <acl entries="0" version="1"/>
    </resource>
    <subcollection name="images" filename="images"/>
</collection>