<collection xmlns="http://exist.sourceforge.net/NS/exist" name="/db/apps/shared-resources/resources/fonts" version="1" owner="admin" group="dba" mode="775" created="2018-04-10T17:23:53.609+02:00">
    <acl entries="0" version="1"/>
    <resource type="BinaryResource" name="glyphicons-halflings-regular.eot" skip="no" owner="admin" group="dba" mode="775" created="2018-04-10T17:23:53.611+02:00" modified="2018-04-10T17:23:53.611+02:00" filename="glyphicons-halflings-regular.eot" mimetype="application/octet-stream">
        <acl entries="0" version="1"/>
    </resource>
    <resource type="XMLResource" name="glyphicons-halflings-regular.svg" skip="no" owner="admin" group="dba" mode="775" created="2018-04-10T17:23:53.616+02:00" modified="2018-04-10T17:23:53.616+02:00" filename="glyphicons-halflings-regular.svg" mimetype="image/svg+xml">
        <acl entries="0" version="1"/>
    </resource>
    <resource type="BinaryResource" name="glyphicons-halflings-regular.woff" skip="no" owner="admin" group="dba" mode="775" created="2018-04-10T17:23:53.716+02:00" modified="2018-04-10T17:23:53.716+02:00" filename="glyphicons-halflings-regular.woff" mimetype="application/font-woff">
        <acl entries="0" version="1"/>
    </resource>
    <resource type="BinaryResource" name="glyphicons-halflings-regular.ttf" skip="no" owner="admin" group="dba" mode="775" created="2018-04-10T17:23:53.718+02:00" modified="2018-04-10T17:23:53.718+02:00" filename="glyphicons-halflings-regular.ttf" mimetype="application/octet-stream">
        <acl entries="0" version="1"/>
    </resource>
</collection>