<collection xmlns="http://exist.sourceforge.net/NS/exist" name="/db/apps/dashboard/resources/scripts" version="1" owner="SYSTEM" group="dba" mode="755" created="2018-04-10T17:23:56.186+02:00">
    <acl entries="0" version="1"/>
    <resource type="BinaryResource" name="jquery.fileupload.js" skip="no" owner="SYSTEM" group="dba" mode="644" created="2018-04-10T17:23:56.188+02:00" modified="2018-04-10T17:23:56.188+02:00" filename="jquery.fileupload.js" mimetype="application/javascript">
        <acl entries="0" version="1"/>
    </resource>
    <resource type="BinaryResource" name="dashboard-1.7.js" skip="no" owner="SYSTEM" group="dba" mode="644" created="2018-04-10T17:23:56.19+02:00" modified="2018-04-10T17:23:56.19+02:00" filename="dashboard-1.7.js" mimetype="application/javascript">
        <acl entries="0" version="1"/>
    </resource>
    <resource type="BinaryResource" name="jquery.ui.widget.js" skip="no" owner="SYSTEM" group="dba" mode="644" created="2018-04-10T17:23:56.191+02:00" modified="2018-04-10T17:23:56.191+02:00" filename="jquery.ui.widget.js" mimetype="application/javascript">
        <acl entries="0" version="1"/>
    </resource>
</collection>