<collection xmlns="http://exist.sourceforge.net/NS/exist" name="/db/apps/shared-resources/resources/scripts" version="1" owner="admin" group="dba" mode="775" created="2018-04-10T17:23:52.82+02:00">
    <acl entries="0" version="1"/>
    <resource type="BinaryResource" name="highlight.js" skip="no" owner="admin" group="dba" mode="775" created="2018-04-10T17:23:52.835+02:00" modified="2018-04-10T17:23:52.835+02:00" filename="highlight.js" mimetype="application/javascript">
        <acl entries="0" version="1"/>
    </resource>
    <resource type="BinaryResource" name="loadsource.js" skip="no" owner="admin" group="dba" mode="775" created="2018-04-10T17:23:52.839+02:00" modified="2018-04-10T17:23:52.839+02:00" filename="loadsource.js" mimetype="application/javascript">
        <acl entries="0" version="1"/>
    </resource>
    <resource type="BinaryResource" name="emmet.js" skip="no" owner="admin" group="dba" mode="775" created="2018-04-10T17:23:52.823+02:00" modified="2018-04-10T17:23:52.823+02:00" filename="emmet.js" mimetype="application/javascript">
        <acl entries="0" version="1"/>
    </resource>
    <resource type="BinaryResource" name="bootstrap-3.0.3.min.js" skip="no" owner="admin" group="dba" mode="775" created="2018-04-10T17:23:52.826+02:00" modified="2018-04-10T17:23:52.826+02:00" filename="bootstrap-3.0.3.min.js" mimetype="application/javascript">
        <acl entries="0" version="1"/>
    </resource>
    <resource type="BinaryResource" name="bootstrap.min.js" skip="no" owner="admin" group="dba" mode="775" created="2018-04-10T17:23:52.828+02:00" modified="2018-04-10T17:23:52.828+02:00" filename="bootstrap.min.js" mimetype="application/javascript">
        <acl entries="0" version="1"/>
    </resource>
    <subcollection name="jquery" filename="jquery"/>
    <subcollection name="ace" filename="ace"/>
</collection>