<collection xmlns="http://exist.sourceforge.net/NS/exist" name="/db/apps/eXide/resources/images" version="1" owner="eXide" group="eXide" mode="775" created="2018-04-10T17:23:56.827+02:00">
    <acl entries="0" version="1"/>
    <resource type="BinaryResource" name="toggle-up.gif" skip="no" owner="eXide" group="eXide" mode="775" created="2018-04-10T17:23:56.839+02:00" modified="2018-04-10T17:23:56.839+02:00" filename="toggle-up.gif" mimetype="image/gif">
        <acl entries="0" version="1"/>
    </resource>
    <resource type="BinaryResource" name="background.gif" skip="no" owner="eXide" group="eXide" mode="775" created="2018-04-10T17:23:56.84+02:00" modified="2018-04-10T17:23:56.84+02:00" filename="background.gif" mimetype="image/gif">
        <acl entries="0" version="1"/>
    </resource>
    <resource type="BinaryResource" name="handle-vert.png" skip="no" owner="eXide" group="eXide" mode="775" created="2018-04-10T17:23:56.842+02:00" modified="2018-04-10T17:23:56.842+02:00" filename="handle-vert.png" mimetype="image/png">
        <acl entries="0" version="1"/>
    </resource>
    <resource type="BinaryResource" name="handle-hor.png" skip="no" owner="eXide" group="eXide" mode="775" created="2018-04-10T17:23:56.844+02:00" modified="2018-04-10T17:23:56.844+02:00" filename="handle-hor.png" mimetype="image/png">
        <acl entries="0" version="1"/>
    </resource>
    <resource type="BinaryResource" name="header.gif" skip="no" owner="eXide" group="eXide" mode="775" created="2018-04-10T17:23:56.845+02:00" modified="2018-04-10T17:23:56.845+02:00" filename="header.gif" mimetype="image/gif">
        <acl entries="0" version="1"/>
    </resource>
    <resource type="BinaryResource" name="toggle-rt.gif" skip="no" owner="eXide" group="eXide" mode="775" created="2018-04-10T17:23:56.846+02:00" modified="2018-04-10T17:23:56.846+02:00" filename="toggle-rt.gif" mimetype="image/gif">
        <acl entries="0" version="1"/>
    </resource>
    <resource type="BinaryResource" name="layouts_split_vertical.png" skip="no" owner="eXide" group="eXide" mode="775" created="2018-04-10T17:23:56.847+02:00" modified="2018-04-10T17:23:56.847+02:00" filename="layouts_split_vertical.png" mimetype="image/png">
        <acl entries="0" version="1"/>
    </resource>
    <resource type="BinaryResource" name="help2.png" skip="no" owner="eXide" group="eXide" mode="775" created="2018-04-10T17:23:56.848+02:00" modified="2018-04-10T17:23:56.848+02:00" filename="help2.png" mimetype="image/png">
        <acl entries="0" version="1"/>
    </resource>
    <resource type="BinaryResource" name="logo.png" skip="no" owner="eXide" group="eXide" mode="775" created="2018-04-10T17:23:56.848+02:00" modified="2018-04-10T17:23:56.848+02:00" filename="logo.png" mimetype="image/png">
        <acl entries="0" version="1"/>
    </resource>
    <resource type="XMLResource" name="exide.svg" skip="no" owner="eXide" group="eXide" mode="775" created="2018-04-10T17:23:56.85+02:00" modified="2018-04-10T17:23:56.85+02:00" filename="exide.svg" mimetype="image/svg+xml">
        <acl entries="0" version="1"/>
    </resource>
    <resource type="BinaryResource" name="toggle-dn.gif" skip="no" owner="eXide" group="eXide" mode="775" created="2018-04-10T17:23:56.858+02:00" modified="2018-04-10T17:23:56.858+02:00" filename="toggle-dn.gif" mimetype="image/gif">
        <acl entries="0" version="1"/>
    </resource>
    <resource type="BinaryResource" name="private.png" skip="no" owner="eXide" group="eXide" mode="775" created="2018-04-10T17:23:56.86+02:00" modified="2018-04-10T17:23:56.86+02:00" filename="private.png" mimetype="image/png">
        <acl entries="0" version="1"/>
    </resource>
    <resource type="BinaryResource" name="bubble.gif" skip="no" owner="eXide" group="eXide" mode="775" created="2018-04-10T17:23:56.861+02:00" modified="2018-04-10T17:23:56.861+02:00" filename="bubble.gif" mimetype="image/gif">
        <acl entries="0" version="1"/>
    </resource>
    <resource type="BinaryResource" name="folder.png" skip="no" owner="eXide" group="eXide" mode="775" created="2018-04-10T17:23:56.829+02:00" modified="2018-04-10T17:23:56.829+02:00" filename="folder.png" mimetype="image/png">
        <acl entries="0" version="1"/>
    </resource>
    <resource type="BinaryResource" name="pbar-ani.gif" skip="no" owner="eXide" group="eXide" mode="775" created="2018-04-10T17:23:56.83+02:00" modified="2018-04-10T17:23:56.83+02:00" filename="pbar-ani.gif" mimetype="image/gif">
        <acl entries="0" version="1"/>
    </resource>
    <resource type="BinaryResource" name="fullscreen.png" skip="no" owner="eXide" group="eXide" mode="775" created="2018-04-10T17:23:56.831+02:00" modified="2018-04-10T17:23:56.831+02:00" filename="fullscreen.png" mimetype="image/png">
        <acl entries="0" version="1"/>
    </resource>
    <resource type="BinaryResource" name="help1.png" skip="no" owner="eXide" group="eXide" mode="775" created="2018-04-10T17:23:56.833+02:00" modified="2018-04-10T17:23:56.833+02:00" filename="help1.png" mimetype="image/png">
        <acl entries="0" version="1"/>
    </resource>
    <resource type="BinaryResource" name="public.png" skip="no" owner="eXide" group="eXide" mode="775" created="2018-04-10T17:23:56.834+02:00" modified="2018-04-10T17:23:56.834+02:00" filename="public.png" mimetype="image/png">
        <acl entries="0" version="1"/>
    </resource>
    <resource type="BinaryResource" name="layouts_split.png" skip="no" owner="eXide" group="eXide" mode="775" created="2018-04-10T17:23:56.835+02:00" modified="2018-04-10T17:23:56.835+02:00" filename="layouts_split.png" mimetype="image/png">
        <acl entries="0" version="1"/>
    </resource>
    <resource type="BinaryResource" name="exide.png" skip="no" owner="eXide" group="eXide" mode="775" created="2018-04-10T17:23:56.836+02:00" modified="2018-04-10T17:23:56.836+02:00" filename="exide.png" mimetype="image/png">
        <acl entries="0" version="1"/>
    </resource>
    <resource type="BinaryResource" name="toggle-lt.gif" skip="no" owner="eXide" group="eXide" mode="775" created="2018-04-10T17:23:56.838+02:00" modified="2018-04-10T17:23:56.838+02:00" filename="toggle-lt.gif" mimetype="image/gif">
        <acl entries="0" version="1"/>
    </resource>
</collection>