<collection xmlns="http://exist.sourceforge.net/NS/exist" name="/db/apps/eXide/src" version="1" owner="eXide" group="eXide" mode="775" created="2018-04-10T17:23:56.627+02:00">
    <acl entries="0" version="1"/>
    <resource type="BinaryResource" name="ace-modes.js" skip="no" owner="eXide" group="eXide" mode="775" created="2018-04-10T17:23:56.658+02:00" modified="2018-04-10T17:23:56.658+02:00" filename="ace-modes.js" mimetype="application/javascript">
        <acl entries="0" version="1"/>
    </resource>
    <resource type="BinaryResource" name="codevalidator.js" skip="no" owner="eXide" group="eXide" mode="775" created="2018-04-10T17:23:56.659+02:00" modified="2018-04-10T17:23:56.659+02:00" filename="codevalidator.js" mimetype="application/javascript">
        <acl entries="0" version="1"/>
    </resource>
    <resource type="BinaryResource" name="util.js" skip="no" owner="eXide" group="eXide" mode="775" created="2018-04-10T17:23:56.66+02:00" modified="2018-04-10T17:23:56.66+02:00" filename="util.js" mimetype="application/javascript">
        <acl entries="0" version="1"/>
    </resource>
    <resource type="BinaryResource" name="snippets.js" skip="no" owner="eXide" group="eXide" mode="775" created="2018-04-10T17:23:56.628+02:00" modified="2018-04-10T17:23:56.628+02:00" filename="snippets.js" mimetype="application/javascript">
        <acl entries="0" version="1"/>
    </resource>
    <resource type="BinaryResource" name="directory.js" skip="no" owner="eXide" group="eXide" mode="775" created="2018-04-10T17:23:56.629+02:00" modified="2018-04-10T17:23:56.629+02:00" filename="directory.js" mimetype="application/javascript">
        <acl entries="0" version="1"/>
    </resource>
    <resource type="BinaryResource" name="find.js" skip="no" owner="eXide" group="eXide" mode="775" created="2018-04-10T17:23:56.63+02:00" modified="2018-04-10T17:23:56.63+02:00" filename="find.js" mimetype="application/javascript">
        <acl entries="0" version="1"/>
    </resource>
    <resource type="BinaryResource" name="events.js" skip="no" owner="eXide" group="eXide" mode="775" created="2018-04-10T17:23:56.631+02:00" modified="2018-04-10T17:23:56.631+02:00" filename="events.js" mimetype="application/javascript">
        <acl entries="0" version="1"/>
    </resource>
    <resource type="BinaryResource" name="history.js" skip="no" owner="eXide" group="eXide" mode="775" created="2018-04-10T17:23:56.632+02:00" modified="2018-04-10T17:23:56.632+02:00" filename="history.js" mimetype="application/javascript">
        <acl entries="0" version="1"/>
    </resource>
    <resource type="BinaryResource" name="editor.js" skip="no" owner="eXide" group="eXide" mode="775" created="2018-04-10T17:23:56.633+02:00" modified="2018-04-10T17:23:56.633+02:00" filename="editor.js" mimetype="application/javascript">
        <acl entries="0" version="1"/>
    </resource>
    <resource type="BinaryResource" name="resources.js" skip="no" owner="eXide" group="eXide" mode="775" created="2018-04-10T17:23:56.634+02:00" modified="2018-04-10T17:23:56.634+02:00" filename="resources.js" mimetype="application/javascript">
        <acl entries="0" version="1"/>
    </resource>
    <resource type="BinaryResource" name="css-helper.js" skip="no" owner="eXide" group="eXide" mode="775" created="2018-04-10T17:23:56.635+02:00" modified="2018-04-10T17:23:56.635+02:00" filename="css-helper.js" mimetype="application/javascript">
        <acl entries="0" version="1"/>
    </resource>
    <resource type="BinaryResource" name="quickfix.js" skip="no" owner="eXide" group="eXide" mode="775" created="2018-04-10T17:23:56.636+02:00" modified="2018-04-10T17:23:56.636+02:00" filename="quickfix.js" mimetype="application/javascript">
        <acl entries="0" version="1"/>
    </resource>
    <resource type="BinaryResource" name="preferences.js" skip="no" owner="eXide" group="eXide" mode="775" created="2018-04-10T17:23:56.637+02:00" modified="2018-04-10T17:23:56.637+02:00" filename="preferences.js" mimetype="application/javascript">
        <acl entries="0" version="1"/>
    </resource>
    <resource type="BinaryResource" name="xquery-utils.js" skip="no" owner="eXide" group="eXide" mode="775" created="2018-04-10T17:23:56.638+02:00" modified="2018-04-10T17:23:56.638+02:00" filename="xquery-utils.js" mimetype="application/javascript">
        <acl entries="0" version="1"/>
    </resource>
    <resource type="BinaryResource" name="snippet-helper.js" skip="no" owner="eXide" group="eXide" mode="775" created="2018-04-10T17:23:56.639+02:00" modified="2018-04-10T17:23:56.639+02:00" filename="snippet-helper.js" mimetype="application/javascript">
        <acl entries="0" version="1"/>
    </resource>
    <resource type="BinaryResource" name="mode-helper.js" skip="no" owner="eXide" group="eXide" mode="775" created="2018-04-10T17:23:56.64+02:00" modified="2018-04-10T17:23:56.64+02:00" filename="mode-helper.js" mimetype="application/javascript">
        <acl entries="0" version="1"/>
    </resource>
    <resource type="BinaryResource" name="layout.js" skip="no" owner="eXide" group="eXide" mode="775" created="2018-04-10T17:23:56.641+02:00" modified="2018-04-10T17:23:56.641+02:00" filename="layout.js" mimetype="application/javascript">
        <acl entries="0" version="1"/>
    </resource>
    <resource type="BinaryResource" name="templates.js" skip="no" owner="eXide" group="eXide" mode="775" created="2018-04-10T17:23:56.642+02:00" modified="2018-04-10T17:23:56.642+02:00" filename="templates.js" mimetype="application/javascript">
        <acl entries="0" version="1"/>
    </resource>
    <resource type="BinaryResource" name="eXide.js" skip="no" owner="eXide" group="eXide" mode="775" created="2018-04-10T17:23:56.643+02:00" modified="2018-04-10T17:23:56.643+02:00" filename="eXide.js" mimetype="application/javascript">
        <acl entries="0" version="1"/>
    </resource>
    <resource type="BinaryResource" name="outline.js" skip="no" owner="eXide" group="eXide" mode="775" created="2018-04-10T17:23:56.644+02:00" modified="2018-04-10T17:23:56.644+02:00" filename="outline.js" mimetype="application/javascript">
        <acl entries="0" version="1"/>
    </resource>
    <resource type="BinaryResource" name="less-helper.js" skip="no" owner="eXide" group="eXide" mode="775" created="2018-04-10T17:23:56.646+02:00" modified="2018-04-10T17:23:56.646+02:00" filename="less-helper.js" mimetype="application/javascript">
        <acl entries="0" version="1"/>
    </resource>
    <resource type="BinaryResource" name="debuger.js" skip="no" owner="eXide" group="eXide" mode="775" created="2018-04-10T17:23:56.647+02:00" modified="2018-04-10T17:23:56.647+02:00" filename="debuger.js" mimetype="application/javascript">
        <acl entries="0" version="1"/>
    </resource>
    <resource type="BinaryResource" name="dnd.js" skip="no" owner="eXide" group="eXide" mode="775" created="2018-04-10T17:23:56.648+02:00" modified="2018-04-10T17:23:56.648+02:00" filename="dnd.js" mimetype="application/javascript">
        <acl entries="0" version="1"/>
    </resource>
    <resource type="BinaryResource" name="commands.js" skip="no" owner="eXide" group="eXide" mode="775" created="2018-04-10T17:23:56.648+02:00" modified="2018-04-10T17:23:56.648+02:00" filename="commands.js" mimetype="application/javascript">
        <acl entries="0" version="1"/>
    </resource>
    <resource type="BinaryResource" name="menu.js" skip="no" owner="eXide" group="eXide" mode="775" created="2018-04-10T17:23:56.649+02:00" modified="2018-04-10T17:23:56.649+02:00" filename="menu.js" mimetype="application/javascript">
        <acl entries="0" version="1"/>
    </resource>
    <resource type="BinaryResource" name="xml-helper.js" skip="no" owner="eXide" group="eXide" mode="775" created="2018-04-10T17:23:56.65+02:00" modified="2018-04-10T17:23:56.65+02:00" filename="xml-helper.js" mimetype="application/javascript">
        <acl entries="0" version="1"/>
    </resource>
    <resource type="BinaryResource" name="help.js" skip="no" owner="eXide" group="eXide" mode="775" created="2018-04-10T17:23:56.651+02:00" modified="2018-04-10T17:23:56.651+02:00" filename="help.js" mimetype="application/javascript">
        <acl entries="0" version="1"/>
    </resource>
    <resource type="BinaryResource" name="javascript-helper.js" skip="no" owner="eXide" group="eXide" mode="775" created="2018-04-10T17:23:56.652+02:00" modified="2018-04-10T17:23:56.652+02:00" filename="javascript-helper.js" mimetype="application/javascript">
        <acl entries="0" version="1"/>
    </resource>
    <resource type="BinaryResource" name="deployment.js" skip="no" owner="eXide" group="eXide" mode="775" created="2018-04-10T17:23:56.653+02:00" modified="2018-04-10T17:23:56.653+02:00" filename="deployment.js" mimetype="application/javascript">
        <acl entries="0" version="1"/>
    </resource>
    <resource type="BinaryResource" name="visitor.js" skip="no" owner="eXide" group="eXide" mode="775" created="2018-04-10T17:23:56.654+02:00" modified="2018-04-10T17:23:56.654+02:00" filename="visitor.js" mimetype="application/javascript">
        <acl entries="0" version="1"/>
    </resource>
    <resource type="BinaryResource" name="xquery-helper.js" skip="no" owner="eXide" group="eXide" mode="775" created="2018-04-10T17:23:56.655+02:00" modified="2018-04-10T17:23:56.655+02:00" filename="xquery-helper.js" mimetype="application/javascript">
        <acl entries="0" version="1"/>
    </resource>
    <resource type="BinaryResource" name="popup.js" skip="no" owner="eXide" group="eXide" mode="775" created="2018-04-10T17:23:56.656+02:00" modified="2018-04-10T17:23:56.656+02:00" filename="popup.js" mimetype="application/javascript">
        <acl entries="0" version="1"/>
    </resource>
    <resource type="BinaryResource" name="splitter.js" skip="no" owner="eXide" group="eXide" mode="775" created="2018-04-10T17:23:56.657+02:00" modified="2018-04-10T17:23:56.657+02:00" filename="splitter.js" mimetype="application/javascript">
        <acl entries="0" version="1"/>
    </resource>
</collection>