<collection xmlns="http://exist.sourceforge.net/NS/exist" name="/db/apps/eXide/resources/css/font-awesome/fonts" version="1" owner="eXide" group="eXide" mode="775" created="2018-04-10T17:23:56.99+02:00">
    <acl entries="0" version="1"/>
    <resource type="XMLResource" name="fontawesome-webfont.svg" skip="no" owner="eXide" group="eXide" mode="775" created="2018-04-10T17:23:56.991+02:00" modified="2018-04-10T17:23:56.991+02:00" filename="fontawesome-webfont.svg" mimetype="image/svg+xml">
        <acl entries="0" version="1"/>
    </resource>
    <resource type="BinaryResource" name="fontawesome-webfont.woff" skip="no" owner="eXide" group="eXide" mode="775" created="2018-04-10T17:23:57.072+02:00" modified="2018-04-10T17:23:57.072+02:00" filename="fontawesome-webfont.woff" mimetype="application/font-woff">
        <acl entries="0" version="1"/>
    </resource>
    <resource type="BinaryResource" name="FontAwesome.otf" skip="no" owner="eXide" group="eXide" mode="775" created="2018-04-10T17:23:57.074+02:00" modified="2018-04-10T17:23:57.074+02:00" filename="FontAwesome.otf" mimetype="application/octet-stream">
        <acl entries="0" version="1"/>
    </resource>
    <resource type="BinaryResource" name="fontawesome-webfont.eot" skip="no" owner="eXide" group="eXide" mode="775" created="2018-04-10T17:23:57.076+02:00" modified="2018-04-10T17:23:57.076+02:00" filename="fontawesome-webfont.eot" mimetype="application/octet-stream">
        <acl entries="0" version="1"/>
    </resource>
    <resource type="BinaryResource" name="fontawesome-webfont.ttf" skip="no" owner="eXide" group="eXide" mode="775" created="2018-04-10T17:23:57.077+02:00" modified="2018-04-10T17:23:57.077+02:00" filename="fontawesome-webfont.ttf" mimetype="application/octet-stream">
        <acl entries="0" version="1"/>
    </resource>
</collection>