<collection xmlns="http://exist.sourceforge.net/NS/exist" name="/db/apps/monex/resources/img" version="1" owner="monex" group="monex" mode="775" created="2018-04-10T17:23:57.863+02:00">
    <acl entries="0" version="1"/>
    <resource type="BinaryResource" name="avatar3.png" skip="no" owner="monex" group="monex" mode="664" created="2018-04-10T17:23:57.864+02:00" modified="2018-04-10T17:23:57.864+02:00" filename="avatar3.png" mimetype="image/png">
        <acl entries="0" version="1"/>
    </resource>
    <resource type="XMLResource" name="powered-by-whiteglass.svg" skip="no" owner="monex" group="monex" mode="664" created="2018-04-10T17:23:57.866+02:00" modified="2018-04-10T17:23:57.866+02:00" filename="powered-by-whiteglass.svg" mimetype="image/svg+xml">
        <acl entries="0" version="1"/>
    </resource>
    <resource type="BinaryResource" name="screenshot.png" skip="no" owner="monex" group="monex" mode="664" created="2018-04-10T17:23:57.88+02:00" modified="2018-04-10T17:23:57.88+02:00" filename="screenshot.png" mimetype="image/png">
        <acl entries="0" version="1"/>
    </resource>
    <resource type="BinaryResource" name="sprite-skin-flat.png" skip="no" owner="monex" group="monex" mode="664" created="2018-04-10T17:23:57.881+02:00" modified="2018-04-10T17:23:57.881+02:00" filename="sprite-skin-flat.png" mimetype="image/png">
        <acl entries="0" version="1"/>
    </resource>
</collection>