<collection xmlns="http://exist.sourceforge.net/NS/exist" name="/db/apps/exist-book/other-xml-technologies" version="1" owner="admin" group="dba" mode="775" created="2018-04-10T17:57:33.513+02:00">
    <acl entries="0" version="1"/>
    <resource type="BinaryResource" name="get-xslt-info.xq" skip="no" owner="admin" group="dba" mode="775" created="2018-04-10T17:57:34.529+02:00" modified="2018-04-10T17:57:34.529+02:00" filename="get-xslt-info.xq" mimetype="application/xquery">
        <acl entries="0" version="1"/>
    </resource>
    <resource type="XMLResource" name="xinclude-input.xml" skip="no" owner="admin" group="dba" mode="664" created="2018-04-10T17:57:34.549+02:00" modified="2018-04-10T17:57:34.549+02:00" filename="xinclude-input.xml" mimetype="application/xml">
        <acl entries="0" version="1"/>
    </resource>
    <resource type="XMLResource" name="parameters.xslt" skip="no" owner="admin" group="dba" mode="664" created="2018-04-10T17:57:34.554+02:00" modified="2018-04-10T17:57:34.554+02:00" filename="parameters.xslt" mimetype="application/xslt+xml">
        <acl entries="0" version="1"/>
    </resource>
    <resource type="BinaryResource" name="validate.xq" skip="no" owner="admin" group="dba" mode="775" created="2018-04-10T17:57:34.561+02:00" modified="2018-04-10T17:57:34.561+02:00" filename="validate.xq" mimetype="application/xquery">
        <acl entries="0" version="1"/>
    </resource>
    <resource type="XMLResource" name="examples-contents.xml" skip="no" owner="admin" group="dba" mode="664" created="2018-04-10T17:57:34.573+02:00" modified="2018-04-10T17:57:34.573+02:00" filename="examples-contents.xml" mimetype="application/xml">
        <acl entries="0" version="1"/>
    </resource>
    <resource type="BinaryResource" name="collations.xq" skip="no" owner="admin" group="dba" mode="775" created="2018-04-10T17:57:33.516+02:00" modified="2018-04-10T17:57:33.516+02:00" filename="collations.xq" mimetype="application/xquery">
        <acl entries="0" version="1"/>
    </resource>
    <resource type="XMLResource" name="simple-xml-valid.xml" skip="no" owner="admin" group="dba" mode="664" created="2018-04-10T17:57:34.042+02:00" modified="2018-04-10T17:57:34.042+02:00" filename="simple-xml-valid.xml" mimetype="application/xml">
        <acl entries="0" version="1"/>
    </resource>
    <resource type="BinaryResource" name="do-xsl-fo.xq" skip="no" owner="admin" group="dba" mode="775" created="2018-04-10T17:57:34.049+02:00" modified="2018-04-10T17:57:34.049+02:00" filename="do-xsl-fo.xq" mimetype="application/xquery">
        <acl entries="0" version="1"/>
    </resource>
    <resource type="XMLResource" name="simple-xml-invalid.xml" skip="no" owner="admin" group="dba" mode="664" created="2018-04-10T17:57:34.06+02:00" modified="2018-04-10T17:57:34.06+02:00" filename="simple-xml-invalid.xml" mimetype="application/xml">
        <acl entries="0" version="1"/>
    </resource>
    <resource type="BinaryResource" name="xinclude-xquery.xq" skip="no" owner="admin" group="dba" mode="775" created="2018-04-10T17:57:34.067+02:00" modified="2018-04-10T17:57:34.067+02:00" filename="xinclude-xquery.xq" mimetype="application/xquery">
        <acl entries="0" version="1"/>
    </resource>
    <resource type="XMLResource" name="simple.xsd" skip="no" owner="admin" group="dba" mode="664" created="2018-04-10T17:57:34.078+02:00" modified="2018-04-10T17:57:34.078+02:00" filename="simple.xsd" mimetype="application/xml">
        <acl entries="0" version="1"/>
    </resource>
    <resource type="BinaryResource" name="xslt-parameters.xq" skip="no" owner="admin" group="dba" mode="775" created="2018-04-10T17:57:34.087+02:00" modified="2018-04-10T17:57:34.087+02:00" filename="xslt-parameters.xq" mimetype="application/xquery">
        <acl entries="0" version="1"/>
    </resource>
    <resource type="XMLResource" name="fop-readme.xml" skip="no" owner="admin" group="dba" mode="664" created="2018-04-10T17:57:34.098+02:00" modified="2018-04-10T17:57:34.098+02:00" filename="fop-readme.xml" mimetype="application/xml">
        <acl entries="0" version="1"/>
    </resource>
    <resource type="XMLResource" name="xinclude-examples.xml" skip="no" owner="admin" group="dba" mode="664" created="2018-04-10T17:57:34.49+02:00" modified="2018-04-10T17:57:34.49+02:00" filename="xinclude-examples.xml" mimetype="application/xml">
        <acl entries="0" version="1"/>
    </resource>
    <subcollection name="better-form" filename="better-form"/>
    <subcollection name="xslt-forms" filename="xslt-forms"/>
</collection>