<collection xmlns="http://exist.sourceforge.net/NS/exist" name="/db/apps/monex" version="1" owner="monex" group="monex" mode="775" created="2018-04-10T17:23:57.324+02:00">
    <acl entries="0" version="1"/>
    <resource type="XMLResource" name="login.html" skip="no" owner="monex" group="monex" mode="664" created="2018-04-10T17:23:57.434+02:00" modified="2018-04-10T17:23:57.434+02:00" filename="login.html" mimetype="text/html">
        <acl entries="0" version="1"/>
    </resource>
    <resource type="XMLResource" name="timeline-cache-lock.xml" skip="no" owner="monex" group="monex" mode="664" created="2018-04-10T17:23:57.44+02:00" modified="2018-04-10T17:23:57.44+02:00" filename="timeline-cache-lock.xml" mimetype="application/xml">
        <acl entries="0" version="1"/>
    </resource>
    <resource type="BinaryResource" name="icon.png" skip="no" owner="monex" group="monex" mode="664" created="2018-04-10T17:23:57.442+02:00" modified="2018-04-10T17:23:57.442+02:00" filename="icon.png" mimetype="image/png">
        <acl entries="0" version="1"/>
    </resource>
    <resource type="BinaryResource" name="pre-install.xql" skip="no" owner="monex" group="monex" mode="775" created="2018-04-10T17:23:57.444+02:00" modified="2018-04-10T17:23:57.444+02:00" filename="pre-install.xql" mimetype="application/xquery">
        <acl entries="0" version="1"/>
    </resource>
    <resource type="XMLResource" name="console.html" skip="no" owner="monex" group="monex" mode="664" created="2018-04-10T17:23:57.445+02:00" modified="2018-04-10T17:23:57.445+02:00" filename="console.html" mimetype="text/html">
        <acl entries="0" version="1"/>
    </resource>
    <resource type="XMLResource" name="index-keys.html" skip="no" owner="monex" group="monex" mode="664" created="2018-04-10T17:23:57.454+02:00" modified="2018-04-10T17:23:57.454+02:00" filename="index-keys.html" mimetype="text/html">
        <acl entries="0" version="1"/>
    </resource>
    <resource type="BinaryResource" name="expath-pkg.xml.tmpl" skip="no" owner="monex" group="monex" mode="664" created="2018-04-10T17:23:57.459+02:00" modified="2018-04-10T17:23:57.459+02:00" filename="expath-pkg.xml.tmpl" mimetype="application/octet-stream">
        <acl entries="0" version="1"/>
    </resource>
    <resource type="XMLResource" name="remotes.html" skip="no" owner="monex" group="monex" mode="664" created="2018-04-10T17:23:57.46+02:00" modified="2018-04-10T17:23:57.46+02:00" filename="remotes.html" mimetype="text/html">
        <acl entries="0" version="1"/>
    </resource>
    <resource type="BinaryResource" name="monex.iml" skip="no" owner="monex" group="monex" mode="664" created="2018-04-10T17:23:57.472+02:00" modified="2018-04-10T17:23:57.472+02:00" filename="monex.iml" mimetype="application/octet-stream">
        <acl entries="0" version="1"/>
    </resource>
    <resource type="XMLResource" name="repo.xml" skip="no" owner="monex" group="monex" mode="664" created="2018-04-10T17:23:57.924+02:00" modified="2018-04-10T17:23:57.924+02:00" filename="repo.xml" mimetype="application/xml">
        <acl entries="0" version="1"/>
    </resource>
    <resource type="XMLResource" name="timelines.html" skip="no" owner="monex" group="monex" mode="664" created="2018-04-10T17:23:57.48+02:00" modified="2018-04-10T17:23:57.48+02:00" filename="timelines.html" mimetype="text/html">
        <acl entries="0" version="1"/>
    </resource>
    <resource type="XMLResource" name="collection.xconf" skip="no" owner="monex" group="monex" mode="664" created="2018-04-10T17:23:57.491+02:00" modified="2018-04-10T17:23:57.491+02:00" filename="collection.xconf" mimetype="application/xml">
        <acl entries="0" version="1"/>
    </resource>
    <resource type="XMLResource" name="instances.xml" skip="no" owner="admin" group="dba" mode="660" created="2018-04-10T17:23:57.495+02:00" modified="2018-04-10T17:23:57.495+02:00" filename="instances.xml" mimetype="application/xml">
        <acl entries="0" version="1"/>
    </resource>
    <resource type="XMLResource" name="visualizer.html" skip="no" owner="monex" group="monex" mode="664" created="2018-04-10T17:23:57.473+02:00" modified="2018-04-10T17:23:57.473+02:00" filename="visualizer.html" mimetype="text/html">
        <acl entries="0" version="1"/>
    </resource>
    <resource type="BinaryResource" name="post-install.xql" skip="no" owner="monex" group="monex" mode="775" created="2018-04-10T17:23:57.326+02:00" modified="2018-04-10T17:23:57.326+02:00" filename="post-install.xql" mimetype="application/xquery">
        <acl entries="0" version="1"/>
    </resource>
    <resource type="BinaryResource" name="Readme.md" skip="no" owner="monex" group="monex" mode="664" created="2018-04-10T17:23:57.328+02:00" modified="2018-04-10T17:23:57.328+02:00" filename="Readme.md" mimetype="text/markdown">
        <acl entries="0" version="1"/>
    </resource>
    <resource type="XMLResource" name="exist.xml" skip="no" owner="monex" group="monex" mode="664" created="2018-04-10T17:23:57.329+02:00" modified="2018-04-10T17:23:57.329+02:00" filename="exist.xml" mimetype="application/xml">
        <acl entries="0" version="1"/>
    </resource>
    <resource type="XMLResource" name="notifications.xml" skip="no" owner="admin" group="dba" mode="660" created="2018-04-10T17:23:57.333+02:00" modified="2018-04-10T17:23:57.333+02:00" filename="notifications.xml" mimetype="application/xml">
        <acl entries="0" version="1"/>
    </resource>
    <resource type="BinaryResource" name="instances.xml.tmpl" skip="no" owner="monex" group="monex" mode="664" created="2018-04-10T17:23:57.338+02:00" modified="2018-04-10T17:23:57.338+02:00" filename="instances.xml.tmpl" mimetype="application/octet-stream">
        <acl entries="0" version="1"/>
    </resource>
    <resource type="XMLResource" name="expath-pkg.xml" skip="no" owner="monex" group="monex" mode="664" created="2018-04-10T17:23:57.339+02:00" modified="2018-04-10T17:23:57.339+02:00" filename="expath-pkg.xml" mimetype="application/xml">
        <acl entries="0" version="1"/>
    </resource>
    <resource type="XMLResource" name="index.html" skip="no" owner="monex" group="monex" mode="664" created="2018-04-10T17:23:57.343+02:00" modified="2018-04-10T17:23:57.343+02:00" filename="index.html" mimetype="text/html">
        <acl entries="0" version="1"/>
    </resource>
    <resource type="XMLResource" name="collection.html" skip="no" owner="monex" group="monex" mode="664" created="2018-04-10T17:23:57.38+02:00" modified="2018-04-10T17:23:57.38+02:00" filename="collection.html" mimetype="text/html">
        <acl entries="0" version="1"/>
    </resource>
    <resource type="XMLResource" name="indexes.html" skip="no" owner="monex" group="monex" mode="664" created="2018-04-10T17:23:57.386+02:00" modified="2018-04-10T17:23:57.386+02:00" filename="indexes.html" mimetype="text/html">
        <acl entries="0" version="1"/>
    </resource>
    <resource type="XMLResource" name="details.html" skip="no" owner="monex" group="monex" mode="664" created="2018-04-10T17:23:57.391+02:00" modified="2018-04-10T17:23:57.391+02:00" filename="details.html" mimetype="text/html">
        <acl entries="0" version="1"/>
    </resource>
    <resource type="XMLResource" name="error-page.html" skip="no" owner="monex" group="monex" mode="664" created="2018-04-10T17:23:57.418+02:00" modified="2018-04-10T17:23:57.418+02:00" filename="error-page.html" mimetype="text/html">
        <acl entries="0" version="1"/>
    </resource>
    <resource type="XMLResource" name="profiling.html" skip="no" owner="monex" group="monex" mode="664" created="2018-04-10T17:23:57.422+02:00" modified="2018-04-10T17:23:57.422+02:00" filename="profiling.html" mimetype="text/html">
        <acl entries="0" version="1"/>
    </resource>
    <resource type="BinaryResource" name="controller.xql" skip="no" owner="monex" group="monex" mode="775" created="2018-04-10T17:23:57.432+02:00" modified="2018-04-10T17:23:57.432+02:00" filename="controller.xql" mimetype="application/xquery">
        <acl entries="0" version="1"/>
    </resource>
    <subcollection name="data" filename="data"/>
    <subcollection name="indexes-test" filename="indexes-test"/>
    <subcollection name="content" filename="content"/>
    <subcollection name="templates" filename="templates"/>
    <subcollection name="modules" filename="modules"/>
    <subcollection name=".exist" filename=".exist"/>
    <subcollection name="resources" filename="resources"/>
</collection>