<?xml version="1.0" encoding="UTF-8"?>
<meta xmlns="http://exist-db.org/xquery/repo">
    <description>An application for monitoring, profiling and inspecting a running eXist-db instance.</description>
    <author>Wolfgang Meier</author>
    <author>Joe Wicentowski</author>
    <author>Lars Windauer</author>
    <website>https://github.com/eXist-db/monex</website>
    <status>alpha</status>
    <license>GNU-LGPL</license>
    <copyright>true</copyright>
    <type>application</type>
    <target>monex</target>
    <prepare>pre-install.xql</prepare>
    <finish>post-install.xql</finish>
    <permissions xmlns:repo="http://exist-db.org/xquery/repo" user="monex" group="monex" mode="rw-rw-r--"/>
    <changelog>
        <change version="0.5">
            <ul xmlns="http://www.w3.org/1999/xhtml">
                <li>New function console:dump prints all variables in the local variable stack, which are visible at the point the statement appears in the code.</li>
                <li>Info popup in remote console causes browser display issues.</li>
            </ul>
        </change>
        <change version="0.4">
            <ul xmlns="http://www.w3.org/1999/xhtml">
                <li>Send alerts only to receivers watching the affected instance</li>
                <li>Store last ping status in db; send alerts only if status changed</li>
            </ul>
        </change>
        <change version="0.9.1">
            <ul xmlns="http://www.w3.org/1999/xhtml">
                <li>Fix eXist dependency to work with 3.0RC2 and final</li>
            </ul>
        </change>
        <change version="0.9.4">
            <ul xmlns="http://www.w3.org/1999/xhtml">
                <li>Update console logging to match changes in internal eXist API</li>
                <li>Add hipchat notifications</li>
            </ul>
        </change>
        <change version="0.9.6">
            <ul xmlns="http://www.w3.org/1999/xhtml">
                <li>New "Tare" button in Query Profiling pane factors out external processes from results</li>
            </ul>
        </change>
        <change version="0.9.7">
            <ul xmlns="http://www.w3.org/1999/xhtml">
                <li>Sync source with GitHub repository</li>
            </ul>
        </change>
        <change version="0.9.8">
            <ul xmlns="http://www.w3.org/1999/xhtml">
                <li>Show version of Java in the Monitoring &gt; System Information pane</li>
                <li>Removed package's semver-max to ensure compatibility with all eXist 3.x releases</li>
            </ul>
        </change>
        <change version="0.9.9">
            <ul xmlns="http://www.w3.org/1999/xhtml">
                <li>Upgraded included jetty jars to 9.4.6</li>
                <li>Updated eXist dependency to require v3.5.0</li>
            </ul>
        </change>
        <change version="0.9.10">
            <ul xmlns="http://www.w3.org/1999/xhtml">
                <li>Improved build process</li>
            </ul>
        </change>
        <change version="0.9.11">
            <ul xmlns="http://www.w3.org/1999/xhtml">
                <li>Updated: Links to monex's GitHub repository - <a href="https://github.com/eXist-db/monex/issues/39">#39</a></li>
            </ul>
        </change>
        <change version="0.9.12">
            <ul xmlns="http://www.w3.org/1999/xhtml">
                <li>Move jetty jars to eXist-db to prevent version conflicts</li>
            </ul>
        </change>
    </changelog>
<deployed>2018-04-10T17:23:57.922+02:00</deployed></meta>