<collection xmlns="http://exist.sourceforge.net/NS/exist" name="/db/apps/monex/resources/scripts" version="1" owner="monex" group="monex" mode="775" created="2018-04-10T17:23:57.662+02:00">
    <acl entries="0" version="1"/>
    <resource type="BinaryResource" name="ion.rangeSlider.js" skip="no" owner="monex" group="monex" mode="664" created="2018-04-10T17:23:57.664+02:00" modified="2018-04-10T17:23:57.664+02:00" filename="ion.rangeSlider.js" mimetype="application/javascript">
        <acl entries="0" version="1"/>
    </resource>
    <resource type="BinaryResource" name="timeline.js" skip="no" owner="monex" group="monex" mode="664" created="2018-04-10T17:23:57.667+02:00" modified="2018-04-10T17:23:57.667+02:00" filename="timeline.js" mimetype="application/javascript">
        <acl entries="0" version="1"/>
    </resource>
    <resource type="BinaryResource" name="knockout-3.1.0.js" skip="no" owner="monex" group="monex" mode="664" created="2018-04-10T17:23:57.668+02:00" modified="2018-04-10T17:23:57.668+02:00" filename="knockout-3.1.0.js" mimetype="application/javascript">
        <acl entries="0" version="1"/>
    </resource>
    <resource type="BinaryResource" name="d3.v3.min.js" skip="no" owner="monex" group="monex" mode="664" created="2018-04-10T17:23:57.67+02:00" modified="2018-04-10T17:23:57.67+02:00" filename="d3.v3.min.js" mimetype="application/javascript">
        <acl entries="0" version="1"/>
    </resource>
    <resource type="BinaryResource" name="jquery.flot.min.js" skip="no" owner="monex" group="monex" mode="664" created="2018-04-10T17:23:57.671+02:00" modified="2018-04-10T17:23:57.671+02:00" filename="jquery.flot.min.js" mimetype="application/javascript">
        <acl entries="0" version="1"/>
    </resource>
    <resource type="BinaryResource" name="jquery.flot.time.min.js" skip="no" owner="monex" group="monex" mode="664" created="2018-04-10T17:23:57.673+02:00" modified="2018-04-10T17:23:57.673+02:00" filename="jquery.flot.time.min.js" mimetype="application/javascript">
        <acl entries="0" version="1"/>
    </resource>
    <resource type="BinaryResource" name="knockout.mapping-2.4.1.js" skip="no" owner="monex" group="monex" mode="664" created="2018-04-10T17:23:57.675+02:00" modified="2018-04-10T17:23:57.675+02:00" filename="knockout.mapping-2.4.1.js" mimetype="application/javascript">
        <acl entries="0" version="1"/>
    </resource>
    <resource type="BinaryResource" name="jquery-1.9.1.min.js" skip="no" owner="monex" group="monex" mode="664" created="2018-04-10T17:23:57.677+02:00" modified="2018-04-10T17:23:57.677+02:00" filename="jquery-1.9.1.min.js" mimetype="application/javascript">
        <acl entries="0" version="1"/>
    </resource>
    <resource type="BinaryResource" name="jquery.flot.tooltip.min.js" skip="no" owner="monex" group="monex" mode="664" created="2018-04-10T17:23:57.678+02:00" modified="2018-04-10T17:23:57.678+02:00" filename="jquery.flot.tooltip.min.js" mimetype="application/javascript">
        <acl entries="0" version="1"/>
    </resource>
    <resource type="BinaryResource" name="exadmin.js" skip="no" owner="monex" group="monex" mode="664" created="2018-04-10T17:23:57.68+02:00" modified="2018-04-10T17:23:57.68+02:00" filename="exadmin.js" mimetype="application/javascript">
        <acl entries="0" version="1"/>
    </resource>
    <resource type="BinaryResource" name="highlight.js" skip="no" owner="monex" group="monex" mode="664" created="2018-04-10T17:23:57.681+02:00" modified="2018-04-10T17:23:57.681+02:00" filename="highlight.js" mimetype="application/javascript">
        <acl entries="0" version="1"/>
    </resource>
    <resource type="BinaryResource" name="jquery.flot.selection.min.js" skip="no" owner="monex" group="monex" mode="664" created="2018-04-10T17:23:57.682+02:00" modified="2018-04-10T17:23:57.682+02:00" filename="jquery.flot.selection.min.js" mimetype="application/javascript">
        <acl entries="0" version="1"/>
    </resource>
    <resource type="BinaryResource" name="details.js" skip="no" owner="monex" group="monex" mode="664" created="2018-04-10T17:23:57.683+02:00" modified="2018-04-10T17:23:57.683+02:00" filename="details.js" mimetype="application/javascript">
        <acl entries="0" version="1"/>
    </resource>
    <resource type="BinaryResource" name="jquery.flot.navigate.min.js" skip="no" owner="monex" group="monex" mode="664" created="2018-04-10T17:23:57.685+02:00" modified="2018-04-10T17:23:57.685+02:00" filename="jquery.flot.navigate.min.js" mimetype="application/javascript">
        <acl entries="0" version="1"/>
    </resource>
    <resource type="BinaryResource" name="modernizr.custom.js" skip="no" owner="monex" group="monex" mode="664" created="2018-04-10T17:23:57.686+02:00" modified="2018-04-10T17:23:57.686+02:00" filename="modernizr.custom.js" mimetype="application/javascript">
        <acl entries="0" version="1"/>
    </resource>
    <resource type="BinaryResource" name="app.js" skip="no" owner="monex" group="monex" mode="664" created="2018-04-10T17:23:57.687+02:00" modified="2018-04-10T17:23:57.687+02:00" filename="app.js" mimetype="application/javascript">
        <acl entries="0" version="1"/>
    </resource>
    <resource type="BinaryResource" name="fastclick.min.js" skip="no" owner="monex" group="monex" mode="664" created="2018-04-10T17:23:57.689+02:00" modified="2018-04-10T17:23:57.689+02:00" filename="fastclick.min.js" mimetype="application/javascript">
        <acl entries="0" version="1"/>
    </resource>
    <resource type="BinaryResource" name="timerange.js" skip="no" owner="monex" group="monex" mode="664" created="2018-04-10T17:23:57.69+02:00" modified="2018-04-10T17:23:57.69+02:00" filename="timerange.js" mimetype="application/javascript">
        <acl entries="0" version="1"/>
    </resource>
    <resource type="BinaryResource" name="console.js" skip="no" owner="monex" group="monex" mode="664" created="2018-04-10T17:23:57.691+02:00" modified="2018-04-10T17:23:57.691+02:00" filename="console.js" mimetype="application/javascript">
        <acl entries="0" version="1"/>
    </resource>
    <resource type="BinaryResource" name="util.js" skip="no" owner="monex" group="monex" mode="664" created="2018-04-10T17:23:57.692+02:00" modified="2018-04-10T17:23:57.692+02:00" filename="util.js" mimetype="application/javascript">
        <acl entries="0" version="1"/>
    </resource>
</collection>