<collection xmlns="http://exist.sourceforge.net/NS/exist" name="/db/apps/exist-book/integration/rest-query/POST" version="1" owner="admin" group="dba" mode="775" created="2018-04-10T17:57:32.762+02:00">
    <acl entries="0" version="1"/>
    <resource type="XMLResource" name="person-name-with-wrapper.xml" skip="no" owner="admin" group="dba" mode="664" created="2018-04-10T17:57:32.766+02:00" modified="2018-04-10T17:57:32.766+02:00" filename="person-name-with-wrapper.xml" mimetype="application/xml">
        <acl entries="0" version="1"/>
    </resource>
    <resource type="XMLResource" name="settlement-average-age.page2.xml" skip="no" owner="admin" group="dba" mode="664" created="2018-04-10T17:57:32.772+02:00" modified="2018-04-10T17:57:32.772+02:00" filename="settlement-average-age.page2.xml" mimetype="application/xml">
        <acl entries="0" version="1"/>
    </resource>
    <resource type="XMLResource" name="settlement-average-age.xml" skip="no" owner="admin" group="dba" mode="664" created="2018-04-10T17:57:32.779+02:00" modified="2018-04-10T17:57:32.779+02:00" filename="settlement-average-age.xml" mimetype="application/xml">
        <acl entries="0" version="1"/>
    </resource>
    <resource type="XMLResource" name="person-name.xml" skip="no" owner="admin" group="dba" mode="664" created="2018-04-10T17:57:32.786+02:00" modified="2018-04-10T17:57:32.786+02:00" filename="person-name.xml" mimetype="application/xml">
        <acl entries="0" version="1"/>
    </resource>
</collection>