<collection xmlns="http://exist.sourceforge.net/NS/exist" name="/db/apps/monex/resources/DataTables-1.10.7/media/css" version="1" owner="monex" group="monex" mode="775" created="2018-04-10T17:23:57.856+02:00">
    <acl entries="0" version="1"/>
    <resource type="BinaryResource" name="jquery.dataTables.min.css" skip="no" owner="monex" group="monex" mode="664" created="2018-04-10T17:23:57.857+02:00" modified="2018-04-10T17:23:57.857+02:00" filename="jquery.dataTables.min.css" mimetype="text/css">
        <acl entries="0" version="1"/>
    </resource>
    <resource type="BinaryResource" name="jquery.dataTables_themeroller.css" skip="no" owner="monex" group="monex" mode="664" created="2018-04-10T17:23:57.858+02:00" modified="2018-04-10T17:23:57.858+02:00" filename="jquery.dataTables_themeroller.css" mimetype="text/css">
        <acl entries="0" version="1"/>
    </resource>
    <resource type="BinaryResource" name="jquery.dataTables.css" skip="no" owner="monex" group="monex" mode="664" created="2018-04-10T17:23:57.86+02:00" modified="2018-04-10T17:23:57.86+02:00" filename="jquery.dataTables.css" mimetype="text/css">
        <acl entries="0" version="1"/>
    </resource>
    <resource type="BinaryResource" name="dataTables.bootstrap.css" skip="no" owner="monex" group="monex" mode="664" created="2018-04-10T17:23:57.861+02:00" modified="2018-04-10T17:23:57.861+02:00" filename="dataTables.bootstrap.css" mimetype="text/css">
        <acl entries="0" version="1"/>
    </resource>
</collection>