<collection xmlns="http://exist.sourceforge.net/NS/exist" name="/db/apps/exist-book/advanced-topics" version="1" owner="admin" group="dba" mode="775" created="2018-04-10T17:57:35.523+02:00">
    <acl entries="0" version="1"/>
    <resource type="BinaryResource" name="journal-notification-trigger.xqm" skip="no" owner="admin" group="dba" mode="775" created="2018-04-10T17:57:35.541+02:00" modified="2018-04-10T17:57:35.541+02:00" filename="journal-notification-trigger.xqm" mimetype="application/xquery">
        <acl entries="0" version="1"/>
    </resource>
    <resource type="BinaryResource" name="weather.xq" skip="no" owner="admin" group="dba" mode="775" created="2018-04-10T17:57:35.619+02:00" modified="2018-04-10T17:57:35.619+02:00" filename="weather.xq" mimetype="application/xquery">
        <acl entries="0" version="1"/>
    </resource>
    <resource type="BinaryResource" name="simple-example-trigger.xqm" skip="no" owner="admin" group="dba" mode="775" created="2018-04-10T17:57:35.646+02:00" modified="2018-04-10T17:57:35.646+02:00" filename="simple-example-trigger.xqm" mimetype="application/xquery">
        <acl entries="0" version="1"/>
    </resource>
</collection>