<collection xmlns="http://exist.sourceforge.net/NS/exist" name="/db/apps/monex/resources/DataTables-1.10.7/media/images" version="1" owner="monex" group="monex" mode="775" created="2018-04-10T17:23:57.837+02:00">
    <acl entries="0" version="1"/>
    <resource type="BinaryResource" name="sort_desc.png" skip="no" owner="monex" group="monex" mode="664" created="2018-04-10T17:23:57.839+02:00" modified="2018-04-10T17:23:57.839+02:00" filename="sort_desc.png" mimetype="image/png">
        <acl entries="0" version="1"/>
    </resource>
    <resource type="BinaryResource" name="sort_asc.png" skip="no" owner="monex" group="monex" mode="664" created="2018-04-10T17:23:57.84+02:00" modified="2018-04-10T17:23:57.84+02:00" filename="sort_asc.png" mimetype="image/png">
        <acl entries="0" version="1"/>
    </resource>
    <resource type="BinaryResource" name="sort_asc_disabled.png" skip="no" owner="monex" group="monex" mode="664" created="2018-04-10T17:23:57.841+02:00" modified="2018-04-10T17:23:57.841+02:00" filename="sort_asc_disabled.png" mimetype="image/png">
        <acl entries="0" version="1"/>
    </resource>
    <resource type="BinaryResource" name="sort_both.png" skip="no" owner="monex" group="monex" mode="664" created="2018-04-10T17:23:57.842+02:00" modified="2018-04-10T17:23:57.842+02:00" filename="sort_both.png" mimetype="image/png">
        <acl entries="0" version="1"/>
    </resource>
    <resource type="BinaryResource" name="sort_desc_disabled.png" skip="no" owner="monex" group="monex" mode="664" created="2018-04-10T17:23:57.843+02:00" modified="2018-04-10T17:23:57.843+02:00" filename="sort_desc_disabled.png" mimetype="image/png">
        <acl entries="0" version="1"/>
    </resource>
    <resource type="BinaryResource" name="favicon.ico" skip="no" owner="monex" group="monex" mode="664" created="2018-04-10T17:23:57.844+02:00" modified="2018-04-10T17:23:57.844+02:00" filename="favicon.ico" mimetype="image/vnd.microsoft.icon">
        <acl entries="0" version="1"/>
    </resource>
</collection>