<collection xmlns="http://exist.sourceforge.net/NS/exist" name="/db/apps/exist101" version="1" owner="admin" group="dba" mode="755" created="2018-04-10T18:13:07.602+02:00">
    <acl entries="0" version="1"/>
    <resource type="BinaryResource" name="1.xq" skip="no" owner="admin" group="dba" mode="755" created="2018-04-10T18:59:07.543+02:00" modified="2018-04-11T09:48:04.448+02:00" filename="1.xq" mimetype="application/xquery">
        <acl entries="0" version="1"/>
    </resource>
    <resource type="BinaryResource" name="2.xq" skip="no" owner="admin" group="dba" mode="755" created="2018-04-10T19:11:57.153+02:00" modified="2018-04-11T09:48:22.831+02:00" filename="2.xq" mimetype="application/xquery">
        <acl entries="0" version="1"/>
    </resource>
    <subcollection name="data" filename="data"/>
</collection>