<collection xmlns="http://exist.sourceforge.net/NS/exist" name="/db/apps/exist-book/building-applications" version="1" owner="admin" group="dba" mode="775" created="2018-04-10T17:57:34.853+02:00">
    <acl entries="0" version="1"/>
    <resource type="BinaryResource" name="download.xq" skip="no" owner="admin" group="dba" mode="775" created="2018-04-10T17:57:34.856+02:00" modified="2018-04-10T17:57:34.856+02:00" filename="download.xq" mimetype="application/xquery">
        <acl entries="0" version="1"/>
    </resource>
    <resource type="XMLResource" name="examples-contents.xml" skip="no" owner="admin" group="dba" mode="664" created="2018-04-10T17:57:34.863+02:00" modified="2018-04-10T17:57:34.863+02:00" filename="examples-contents.xml" mimetype="application/xml">
        <acl entries="0" version="1"/>
    </resource>
    <subcollection name="views" filename="views"/>
    <subcollection name="show-controller-variables" filename="show-controller-variables"/>
    <subcollection name="restxq" filename="restxq"/>
    <subcollection name="mini-application" filename="mini-application"/>
    <subcollection name="upload" filename="upload"/>
</collection>