<collection xmlns="http://exist.sourceforge.net/NS/exist" name="/db/apps/exist-book/indexing" version="1" owner="admin" group="dba" mode="775" created="2018-04-10T17:57:35.689+02:00">
    <acl entries="0" version="1"/>
    <resource type="BinaryResource" name="test-indexes.xq" skip="no" owner="admin" group="dba" mode="775" created="2018-04-10T17:57:35.694+02:00" modified="2018-04-10T17:57:35.694+02:00" filename="test-indexes.xq" mimetype="application/xquery">
        <acl entries="0" version="1"/>
    </resource>
    <resource type="BinaryResource" name="search-demo-result.xq" skip="no" owner="admin" group="dba" mode="775" created="2018-04-10T17:57:35.841+02:00" modified="2018-04-10T17:57:35.841+02:00" filename="search-demo-result.xq" mimetype="application/xquery">
        <acl entries="0" version="1"/>
    </resource>
    <resource type="BinaryResource" name="index-binary.xq" skip="no" owner="admin" group="dba" mode="775" created="2018-04-10T17:57:36.104+02:00" modified="2018-04-10T17:57:36.104+02:00" filename="index-binary.xq" mimetype="application/xquery">
        <acl entries="0" version="1"/>
    </resource>
    <resource type="XMLResource" name="collection.xconf" skip="no" owner="admin" group="dba" mode="664" created="2018-04-10T17:57:36.124+02:00" modified="2018-04-10T17:57:36.124+02:00" filename="collection.xconf" mimetype="application/xml">
        <acl entries="0" version="1"/>
    </resource>
    <resource type="BinaryResource" name="search-demo.xq" skip="no" owner="admin" group="dba" mode="775" created="2018-04-10T17:57:36.131+02:00" modified="2018-04-10T17:57:36.131+02:00" filename="search-demo.xq" mimetype="application/xquery">
        <acl entries="0" version="1"/>
    </resource>
    <resource type="XMLResource" name="examples-contents.xml" skip="no" owner="admin" group="dba" mode="664" created="2018-04-10T17:57:36.147+02:00" modified="2018-04-10T17:57:36.147+02:00" filename="examples-contents.xml" mimetype="application/xml">
        <acl entries="0" version="1"/>
    </resource>
    <subcollection name="data" filename="data"/>
</collection>