<collection xmlns="http://exist.sourceforge.net/NS/exist" name="/db/apps/shared-resources/content" version="1" owner="admin" group="dba" mode="775" created="2018-04-10T17:23:51.404+02:00">
    <acl entries="0" version="1"/>
    <resource type="BinaryResource" name="siteutils.xql" skip="no" owner="admin" group="dba" mode="775" created="2018-04-10T17:23:51.407+02:00" modified="2018-04-10T17:23:51.407+02:00" filename="siteutils.xql" mimetype="application/xquery">
        <acl entries="0" version="1"/>
    </resource>
    <resource type="BinaryResource" name="templates.xql" skip="no" owner="admin" group="dba" mode="775" created="2018-04-10T17:23:52.134+02:00" modified="2018-04-10T17:23:52.134+02:00" filename="templates.xql" mimetype="application/xquery">
        <acl entries="0" version="1"/>
    </resource>
    <resource type="BinaryResource" name="dbutils.xql" skip="no" owner="admin" group="dba" mode="775" created="2018-04-10T17:23:52.493+02:00" modified="2018-04-10T17:23:52.493+02:00" filename="dbutils.xql" mimetype="application/xquery">
        <acl entries="0" version="1"/>
    </resource>
    <resource type="BinaryResource" name="apputil.xql" skip="no" owner="admin" group="dba" mode="775" created="2018-04-10T17:23:52.516+02:00" modified="2018-04-10T17:23:52.516+02:00" filename="apputil.xql" mimetype="application/xquery">
        <acl entries="0" version="1"/>
    </resource>
</collection>