<collection xmlns="http://exist.sourceforge.net/NS/exist" name="/db/apps/exist-book/book-browser" version="1" owner="admin" group="dba" mode="775" created="2018-04-10T17:57:33.161+02:00">
    <acl entries="0" version="1"/>
    <resource type="BinaryResource" name="browse.xq" skip="no" owner="admin" group="dba" mode="775" created="2018-04-10T17:57:33.163+02:00" modified="2018-04-10T17:57:33.163+02:00" filename="browse.xq" mimetype="application/xquery">
        <acl entries="0" version="1"/>
    </resource>
    <resource type="BinaryResource" name="book-browser.xqm" skip="no" owner="admin" group="dba" mode="775" created="2018-04-10T17:57:33.293+02:00" modified="2018-04-10T17:57:33.293+02:00" filename="book-browser.xqm" mimetype="application/xquery">
        <acl entries="0" version="1"/>
    </resource>
    <resource type="XMLResource" name="examples-contents.xsd" skip="no" owner="admin" group="dba" mode="664" created="2018-04-10T17:57:33.462+02:00" modified="2018-04-10T17:57:33.462+02:00" filename="examples-contents.xsd" mimetype="application/xml">
        <acl entries="0" version="1"/>
    </resource>
    <resource type="BinaryResource" name="view-source.xq" skip="no" owner="admin" group="dba" mode="775" created="2018-04-10T17:57:33.49+02:00" modified="2018-04-10T17:57:33.49+02:00" filename="view-source.xq" mimetype="application/xquery">
        <acl entries="0" version="1"/>
    </resource>
    <resource type="BinaryResource" name="book-cover.png" skip="no" owner="admin" group="dba" mode="664" created="2018-04-10T17:57:33.508+02:00" modified="2018-04-10T17:57:33.508+02:00" filename="book-cover.png" mimetype="image/png">
        <acl entries="0" version="1"/>
    </resource>
</collection>