<collection xmlns="http://exist.sourceforge.net/NS/exist" name="/db/apps/eXide" version="1" owner="eXide" group="eXide" mode="775" created="2018-04-10T17:23:56.489+02:00">
    <acl entries="0" version="1"/>
    <resource type="BinaryResource" name="README.md" skip="no" owner="eXide" group="eXide" mode="775" created="2018-04-10T17:23:56.599+02:00" modified="2018-04-10T17:23:56.599+02:00" filename="README.md" mimetype="text/markdown">
        <acl entries="0" version="1"/>
    </resource>
    <resource type="XMLResource" name="repo.xml" skip="no" owner="eXide" group="eXide" mode="775" created="2018-04-10T17:23:57.086+02:00" modified="2018-04-10T17:23:57.086+02:00" filename="repo.xml" mimetype="application/xml">
        <acl entries="0" version="1"/>
    </resource>
    <resource type="BinaryResource" name="LICENSE.txt" skip="no" owner="eXide" group="eXide" mode="775" created="2018-04-10T17:23:56.491+02:00" modified="2018-04-10T17:23:56.491+02:00" filename="LICENSE.txt" mimetype="text/plain">
        <acl entries="0" version="1"/>
    </resource>
    <resource type="BinaryResource" name=".existdb.json" skip="no" owner="eXide" group="eXide" mode="775" created="2018-04-10T17:23:56.493+02:00" modified="2018-04-10T17:23:56.493+02:00" filename=".existdb.json" mimetype="application/json">
        <acl entries="0" version="1"/>
    </resource>
    <resource type="BinaryResource" name="build.js" skip="no" owner="eXide" group="eXide" mode="775" created="2018-04-10T17:23:56.494+02:00" modified="2018-04-10T17:23:56.494+02:00" filename="build.js" mimetype="application/javascript">
        <acl entries="0" version="1"/>
    </resource>
    <resource type="BinaryResource" name="keybindings.js" skip="no" owner="eXide" group="eXide" mode="775" created="2018-04-10T17:23:56.496+02:00" modified="2018-04-10T17:23:56.496+02:00" filename="keybindings.js" mimetype="application/javascript">
        <acl entries="0" version="1"/>
    </resource>
    <resource type="XMLResource" name="configuration.xml" skip="no" owner="eXide" group="eXide" mode="775" created="2018-04-10T17:23:56.497+02:00" modified="2018-04-10T17:23:56.497+02:00" filename="configuration.xml" mimetype="application/xml">
        <acl entries="0" version="1"/>
    </resource>
    <resource type="XMLResource" name="help.html" skip="no" owner="eXide" group="eXide" mode="775" created="2018-04-10T17:23:56.501+02:00" modified="2018-04-10T17:23:56.501+02:00" filename="help.html" mimetype="text/html">
        <acl entries="0" version="1"/>
    </resource>
    <resource type="XMLResource" name="expath-pkg.xml" skip="no" owner="eXide" group="eXide" mode="775" created="2018-04-10T17:23:56.508+02:00" modified="2018-04-10T17:23:56.508+02:00" filename="expath-pkg.xml" mimetype="application/xml">
        <acl entries="0" version="1"/>
    </resource>
    <resource type="XMLResource" name="index.html" skip="no" owner="eXide" group="eXide" mode="775" created="2018-04-10T17:23:56.511+02:00" modified="2018-04-10T17:23:56.511+02:00" filename="index.html" mimetype="text/html">
        <acl entries="0" version="1"/>
    </resource>
    <resource type="XMLResource" name="build.xml" skip="no" owner="eXide" group="eXide" mode="775" created="2018-04-10T17:23:56.574+02:00" modified="2018-04-10T17:23:56.574+02:00" filename="build.xml" mimetype="application/xml">
        <acl entries="0" version="1"/>
    </resource>
    <resource type="BinaryResource" name="controller.xql" skip="no" owner="eXide" group="eXide" mode="775" created="2018-04-10T17:23:56.593+02:00" modified="2018-04-10T17:23:56.593+02:00" filename="controller.xql" mimetype="application/xquery">
        <acl entries="0" version="1"/>
    </resource>
    <resource type="BinaryResource" name="icon.png" skip="no" owner="eXide" group="eXide" mode="775" created="2018-04-10T17:23:56.594+02:00" modified="2018-04-10T17:23:56.594+02:00" filename="icon.png" mimetype="image/png">
        <acl entries="0" version="1"/>
    </resource>
    <resource type="BinaryResource" name="pre-install.xql" skip="no" owner="eXide" group="eXide" mode="775" created="2018-04-10T17:23:56.595+02:00" modified="2018-04-10T17:23:56.595+02:00" filename="pre-install.xql" mimetype="application/xquery">
        <acl entries="0" version="1"/>
    </resource>
    <resource type="XMLResource" name="collection.xconf" skip="no" owner="eXide" group="eXide" mode="775" created="2018-04-10T17:23:56.596+02:00" modified="2018-04-10T17:23:56.596+02:00" filename="collection.xconf" mimetype="application/xml">
        <acl entries="0" version="1"/>
    </resource>
    <subcollection name="templates" filename="templates"/>
    <subcollection name="docs" filename="docs"/>
    <subcollection name="modules" filename="modules"/>
    <subcollection name="resources" filename="resources"/>
    <subcollection name="src" filename="src"/>
</collection>