<collection xmlns="http://exist.sourceforge.net/NS/exist" name="/db/apps" version="1" owner="SYSTEM" group="dba" mode="755" created="2018-04-10T17:23:51.337+02:00">
    <acl entries="0" version="1"/>
    <subcollection name="exist-book" filename="exist-book"/>
    <subcollection name="dashboard" filename="dashboard"/>
    <subcollection name="the_beegees_project" filename="the_beegees_project"/>
    <subcollection name="usermanager" filename="usermanager"/>
    <subcollection name="eXide" filename="eXide"/>
    <subcollection name="mon_exemple" filename="mon_exemple"/>
    <subcollection name="monex" filename="monex"/>
    <subcollection name="shared-resources" filename="shared-resources"/>
    <subcollection name="exist101" filename="exist101"/>
</collection>