<collection xmlns="http://exist.sourceforge.net/NS/exist" name="/db/apps/mon_exemple/autres" version="1" owner="admin" group="dba" mode="755" created="2018-04-12T17:27:36.63+02:00">
    <acl entries="0" version="1"/>
    <resource type="BinaryResource" name="essai2.xq" skip="no" owner="admin" group="dba" mode="644" created="2018-04-10T17:25:12.971+02:00" modified="2018-04-11T01:02:54.261+02:00" filename="essai2.xq" mimetype="application/xquery">
        <acl entries="0" version="1"/>
    </resource>
    <resource type="BinaryResource" name="autre_essai.xq" skip="no" owner="admin" group="dba" mode="755" created="2018-04-10T18:00:00.708+02:00" modified="2018-04-10T18:00:00.708+02:00" filename="autre_essai.xq" mimetype="application/xquery">
        <acl entries="0" version="1"/>
    </resource>
    <resource type="BinaryResource" name="essai1.xq" skip="no" owner="admin" group="dba" mode="644" created="2018-04-11T16:00:25.622+02:00" modified="2018-04-12T15:44:43.46+02:00" filename="essai1.xq" mimetype="application/xquery">
        <acl entries="0" version="1"/>
    </resource>
</collection>