<collection xmlns="http://exist.sourceforge.net/NS/exist" name="/db/apps/exist-book/building-applications/mini-application" version="1" owner="admin" group="dba" mode="775" created="2018-04-10T17:57:35.292+02:00">
    <acl entries="0" version="1"/>
    <resource type="BinaryResource" name="controller.xql" skip="no" owner="admin" group="dba" mode="775" created="2018-04-10T17:57:35.295+02:00" modified="2018-04-10T17:57:35.295+02:00" filename="controller.xql" mimetype="application/xquery">
        <acl entries="0" version="1"/>
    </resource>
    <resource type="BinaryResource" name="home.xq" skip="no" owner="admin" group="dba" mode="775" created="2018-04-10T17:57:35.321+02:00" modified="2018-04-10T17:57:35.321+02:00" filename="home.xq" mimetype="application/xquery">
        <acl entries="0" version="1"/>
    </resource>
    <resource type="BinaryResource" name="hello.xq" skip="no" owner="admin" group="dba" mode="775" created="2018-04-10T17:57:35.335+02:00" modified="2018-04-10T17:57:35.335+02:00" filename="hello.xq" mimetype="application/xquery">
        <acl entries="0" version="1"/>
    </resource>
    <subcollection name="images" filename="images"/>
</collection>