<collection xmlns="http://exist.sourceforge.net/NS/exist" name="/db/apps/exist-book" version="1" owner="admin" group="dba" mode="775" created="2018-04-10T17:57:32.134+02:00">
    <acl entries="0" version="1"/>
    <resource type="XMLResource" name="repo.xml" skip="no" owner="admin" group="dba" mode="664" created="2018-04-10T17:57:52.112+02:00" modified="2018-04-10T17:57:52.112+02:00" filename="repo.xml" mimetype="application/xml">
        <acl entries="0" version="1"/>
    </resource>
    <resource type="XMLResource" name="components.xml" skip="no" owner="admin" group="dba" mode="664" created="2018-04-10T17:57:32.155+02:00" modified="2018-04-10T17:57:32.155+02:00" filename="components.xml" mimetype="application/xml">
        <acl entries="0" version="1"/>
    </resource>
    <resource type="BinaryResource" name="post-install.xq" skip="no" owner="admin" group="dba" mode="775" created="2018-04-10T17:57:32.191+02:00" modified="2018-04-10T17:57:32.191+02:00" filename="post-install.xq" mimetype="application/xquery">
        <acl entries="0" version="1"/>
    </resource>
    <resource type="XMLResource" name="exist.xml" skip="no" owner="admin" group="dba" mode="664" created="2018-04-10T17:57:32.211+02:00" modified="2018-04-10T17:57:32.211+02:00" filename="exist.xml" mimetype="application/xml">
        <acl entries="0" version="1"/>
    </resource>
    <resource type="XMLResource" name="expath-pkg.xml" skip="no" owner="admin" group="dba" mode="664" created="2018-04-10T17:57:32.217+02:00" modified="2018-04-10T17:57:32.217+02:00" filename="expath-pkg.xml" mimetype="application/xml">
        <acl entries="0" version="1"/>
    </resource>
    <resource type="XMLResource" name="cxan.xml" skip="no" owner="admin" group="dba" mode="664" created="2018-04-10T17:57:32.239+02:00" modified="2018-04-10T17:57:32.239+02:00" filename="cxan.xml" mimetype="application/xml">
        <acl entries="0" version="1"/>
    </resource>
    <resource type="BinaryResource" name="controller.xql" skip="no" owner="admin" group="dba" mode="775" created="2018-04-10T17:57:32.252+02:00" modified="2018-04-10T17:57:32.252+02:00" filename="controller.xql" mimetype="application/xquery">
        <acl entries="0" version="1"/>
    </resource>
    <resource type="BinaryResource" name="icon.png" skip="no" owner="admin" group="dba" mode="664" created="2018-04-10T17:57:32.275+02:00" modified="2018-04-10T17:57:32.275+02:00" filename="icon.png" mimetype="image/png">
        <acl entries="0" version="1"/>
    </resource>
    <subcollection name="xquery-for-exist" filename="xquery-for-exist"/>
    <subcollection name="installer" filename="installer"/>
    <subcollection name="working-with-the-database" filename="working-with-the-database"/>
    <subcollection name="extension-modules" filename="extension-modules"/>
    <subcollection name="advanced-topics" filename="advanced-topics"/>
    <subcollection name="indexing" filename="indexing"/>
    <subcollection name="security" filename="security"/>
    <subcollection name="other-xml-technologies" filename="other-xml-technologies"/>
    <subcollection name="data" filename="data"/>
    <subcollection name="integration" filename="integration"/>
    <subcollection name="getting-started" filename="getting-started"/>
    <subcollection name="book-browser" filename="book-browser"/>
    <subcollection name="system-administration" filename="system-administration"/>
    <subcollection name="building-applications" filename="building-applications"/>
</collection>