<?xml version="1.0" encoding="UTF-8"?>
<meta xmlns="http://exist-db.org/xquery/repo" xmlns:repo="http://exist-db.org/xquery/repo" xmlns:xs="http://www.w3.org/2001/XMLSchema"><description>eXist O'Reilly Book XML Demo Code</description><author id="adamretter">Adam Retter</author><author id="eriksiegel">Erik Siegel</author><website>https://github.com/eXist-book</website><status>stable</status><license>The BSD 3-Clause License</license><copyright>true</copyright><type>application</type><target>exist-book</target><finish>post-install.xq</finish><permissions user="admin" group="dba" mode="rw-rw-r--"/><deployed>2018-04-10T17:57:52.108+02:00</deployed></meta>