<collection xmlns="http://exist.sourceforge.net/NS/exist" name="/db/apps/exist-book/integration" version="1" owner="admin" group="dba" mode="775" created="2018-04-10T17:57:32.304+02:00">
    <acl entries="0" version="1"/>
    <resource type="XMLResource" name="person-name-wrapped.xml" skip="no" owner="admin" group="dba" mode="664" created="2018-04-10T17:57:32.324+02:00" modified="2018-04-10T17:57:32.324+02:00" filename="person-name-wrapped.xml" mimetype="application/xml">
        <acl entries="0" version="1"/>
    </resource>
    <resource type="XMLResource" name="pom.xml" skip="no" owner="admin" group="dba" mode="664" created="2018-04-10T17:57:32.333+02:00" modified="2018-04-10T17:57:32.333+02:00" filename="pom.xml" mimetype="application/xml">
        <acl entries="0" version="1"/>
    </resource>
    <resource type="BinaryResource" name="person-name.xq" skip="no" owner="admin" group="dba" mode="775" created="2018-04-10T17:57:32.354+02:00" modified="2018-04-10T17:57:32.354+02:00" filename="person-name.xq" mimetype="application/xquery">
        <acl entries="0" version="1"/>
    </resource>
    <resource type="XMLResource" name="settlement-average-age-page2.xml" skip="no" owner="admin" group="dba" mode="664" created="2018-04-10T17:57:32.367+02:00" modified="2018-04-10T17:57:32.367+02:00" filename="settlement-average-age-page2.xml" mimetype="application/xml">
        <acl entries="0" version="1"/>
    </resource>
    <resource type="BinaryResource" name="append-name.xupdate" skip="no" owner="admin" group="dba" mode="664" created="2018-04-10T17:57:32.374+02:00" modified="2018-04-10T17:57:32.374+02:00" filename="append-name.xupdate" mimetype="application/octet-stream">
        <acl entries="0" version="1"/>
    </resource>
    <resource type="BinaryResource" name="person-name-wrapped.xq" skip="no" owner="admin" group="dba" mode="775" created="2018-04-10T17:57:32.377+02:00" modified="2018-04-10T17:57:32.377+02:00" filename="person-name-wrapped.xq" mimetype="application/xquery">
        <acl entries="0" version="1"/>
    </resource>
    <resource type="XMLResource" name="settlement-average-age.xml" skip="no" owner="admin" group="dba" mode="664" created="2018-04-10T17:57:32.384+02:00" modified="2018-04-10T17:57:32.384+02:00" filename="settlement-average-age.xml" mimetype="application/xml">
        <acl entries="0" version="1"/>
    </resource>
    <resource type="XMLResource" name="person-name.xml" skip="no" owner="admin" group="dba" mode="664" created="2018-04-10T17:57:32.391+02:00" modified="2018-04-10T17:57:32.391+02:00" filename="person-name.xml" mimetype="application/xml">
        <acl entries="0" version="1"/>
    </resource>
    <resource type="XMLResource" name="person-example.xml" skip="no" owner="admin" group="dba" mode="664" created="2018-04-10T17:57:32.308+02:00" modified="2018-04-10T17:57:32.308+02:00" filename="person-example.xml" mimetype="application/xml">
        <acl entries="0" version="1"/>
    </resource>
    <subcollection name="rest-query" filename="rest-query"/>
    <subcollection name="restxq-stored-query" filename="restxq-stored-query"/>
    <subcollection name="rest-stored-query" filename="rest-stored-query"/>
</collection>