<?xml version="1.0" encoding="UTF-8"?>
<person>
    <name>
        <first-name>John</first-name>
        <family-name>Smith</family-name>
    </name>
    <born>
        <date>1974-05-16</date>
        <location>
            <settlement>Tiverton</settlement>
            <country>United Kingdom</country>
        </location>
    </born>
    <residence>
        <location>
            <address-line>123 High Street</address-line>
            <settlement>Cullompton</settlement>
            <county>Devon</county>
            <country>United Kindom</country>
        </location>
    </residence>
    <contact>
        <telehone type="mobile">+44 7777 123456</telehone>
        <email>john.smith@johnsmith.com</email>
    </contact>
</person>