<?xml version="1.0" encoding="UTF-8"?>
<query xmlns="http://exist.sourceforge.net/NS/exist" session="23" cache="yes" start="11" max="10">
    <text>
        <![CDATA[
xquery version "1.0";

for $settlement in distinct-values(/person/residence/location/settlement)
let $average-age := avg(/person[residence/location/settlement eq $settlement]/born/(year-from-date(current-date()) - year-from-date(xs:date(./date))))
order by $average-age ascending
return
    
    <settlement>
        <name>{$settlement}</name>
        <average-age>{$average-age}</average-age>
    </settlement>
                        
        ]]>
    </text>
</query>