<collection xmlns="http://exist.sourceforge.net/NS/exist" name="/db/apps/exist-book/xquery-for-exist" version="1" owner="admin" group="dba" mode="775" created="2018-04-10T17:57:32.835+02:00">
    <acl entries="0" version="1"/>
    <resource type="BinaryResource" name="node-id-example.xq" skip="no" owner="admin" group="dba" mode="775" created="2018-04-10T17:57:32.899+02:00" modified="2018-04-10T17:57:32.899+02:00" filename="node-id-example.xq" mimetype="application/xquery">
        <acl entries="0" version="1"/>
    </resource>
    <resource type="XMLResource" name="examples-contents.xml" skip="no" owner="admin" group="dba" mode="664" created="2018-04-10T17:57:32.906+02:00" modified="2018-04-10T17:57:32.906+02:00" filename="examples-contents.xml" mimetype="application/xml">
        <acl entries="0" version="1"/>
    </resource>
    <resource type="BinaryResource" name="java-binding-example-1.xq" skip="no" owner="admin" group="dba" mode="775" created="2018-04-10T17:57:32.838+02:00" modified="2018-04-10T17:57:32.838+02:00" filename="java-binding-example-1.xq" mimetype="application/xquery">
        <acl entries="0" version="1"/>
    </resource>
    <resource type="BinaryResource" name="xqdoc-example.xqm" skip="no" owner="admin" group="dba" mode="775" created="2018-04-10T17:57:32.849+02:00" modified="2018-04-10T17:57:32.849+02:00" filename="xqdoc-example.xqm" mimetype="application/xquery">
        <acl entries="0" version="1"/>
    </resource>
    <resource type="BinaryResource" name="xqdoc-example.xq" skip="no" owner="admin" group="dba" mode="775" created="2018-04-10T17:57:32.856+02:00" modified="2018-04-10T17:57:32.856+02:00" filename="xqdoc-example.xq" mimetype="application/xquery">
        <acl entries="0" version="1"/>
    </resource>
    <resource type="BinaryResource" name="map-example.xq" skip="no" owner="admin" group="dba" mode="775" created="2018-04-10T17:57:32.86+02:00" modified="2018-04-10T17:57:32.86+02:00" filename="map-example.xq" mimetype="application/xquery">
        <acl entries="0" version="1"/>
    </resource>
    <resource type="BinaryResource" name="java-binding-example-2.xq" skip="no" owner="admin" group="dba" mode="775" created="2018-04-10T17:57:32.867+02:00" modified="2018-04-10T17:57:32.867+02:00" filename="java-binding-example-2.xq" mimetype="application/xquery">
        <acl entries="0" version="1"/>
    </resource>
    <resource type="BinaryResource" name="json-serialization.xq" skip="no" owner="admin" group="dba" mode="775" created="2018-04-10T17:57:32.877+02:00" modified="2018-04-10T17:57:32.877+02:00" filename="json-serialization.xq" mimetype="application/xquery">
        <acl entries="0" version="1"/>
    </resource>
    <resource type="XMLResource" name="node-id-example.xml" skip="no" owner="admin" group="dba" mode="664" created="2018-04-10T17:57:32.883+02:00" modified="2018-04-10T17:57:32.883+02:00" filename="node-id-example.xml" mimetype="application/xml">
        <acl entries="0" version="1"/>
    </resource>
    <resource type="BinaryResource" name="group-by-example.xq" skip="no" owner="admin" group="dba" mode="775" created="2018-04-10T17:57:32.889+02:00" modified="2018-04-10T17:57:32.889+02:00" filename="group-by-example.xq" mimetype="application/xquery">
        <acl entries="0" version="1"/>
    </resource>
</collection>