<?xml version="1.0" encoding="UTF-8"?>
<eXistBookExamplesContents chapter="5">
    <Title>XQuery for eXist</Title>
  <!-- -->
    <Example href="group-by-example.xq">
        <Title>Group by clause example</Title>
    </Example>
  <!-- -->
    <Example href="java-binding-example-1.xq">
        <Title>Java binding example 1 - Basics</Title>
        <Description>If you get an error about the java binding not enabled: Edit $EXIST_HOME/conf.xml,
      set the xquery/@enable-java-binding attribute to "yes" and restart eXist.</Description>
    </Example>
  <!-- -->
    <Example href="java-binding-example-2.xq">
        <Title>Java binding example 2 - List files in $EXIST_HOME</Title>
        <Description>If you get an error about the java binding not enabled: Edit $EXIST_HOME/conf.xml,
      set the xquery/@enable-java-binding attribute to "yes" and restart eXist.</Description>
    </Example>
  <!-- -->
    <Example href="map-example.xq">
        <Title>Very simple example of using a map data structure</Title>
    </Example>
  <!-- -->
    <Example href="json-serialization.xq">
        <Title>JSON Serialization example</Title>
    </Example>
  <!-- -->
    <Example href="node-id-example.xq">
        <Title>Show the effect of the add-exist-id serialization option</Title>
        <AdditionalSource href="node-id-example.xml"/>
    </Example>
  <!-- -->
    <Example href="xqdoc-example.xq">
        <Title>Example of xqDoc XML for a module</Title>
        <AdditionalSource href="xqdoc-example.xqm"/>
    </Example>
  <!-- -->
</eXistBookExamplesContents>