<collection xmlns="http://exist.sourceforge.net/NS/exist" name="/db/apps/dashboard/resources/images" version="1" owner="SYSTEM" group="dba" mode="755" created="2018-04-10T17:23:56.142+02:00">
    <acl entries="0" version="1"/>
    <resource type="BinaryResource" name="install.png" skip="no" owner="SYSTEM" group="dba" mode="644" created="2018-04-10T17:23:56.158+02:00" modified="2018-04-10T17:23:56.158+02:00" filename="install.png" mimetype="image/png">
        <acl entries="0" version="1"/>
    </resource>
    <resource type="BinaryResource" name="existdb.png" skip="no" owner="SYSTEM" group="dba" mode="644" created="2018-04-10T17:23:56.159+02:00" modified="2018-04-10T17:23:56.159+02:00" filename="existdb.png" mimetype="image/png">
        <acl entries="0" version="1"/>
    </resource>
    <resource type="BinaryResource" name="existdb.gif" skip="no" owner="SYSTEM" group="dba" mode="644" created="2018-04-10T17:23:56.16+02:00" modified="2018-04-10T17:23:56.16+02:00" filename="existdb.gif" mimetype="image/gif">
        <acl entries="0" version="1"/>
    </resource>
    <resource type="BinaryResource" name="uninstall.png" skip="no" owner="SYSTEM" group="dba" mode="644" created="2018-04-10T17:23:56.162+02:00" modified="2018-04-10T17:23:56.162+02:00" filename="uninstall.png" mimetype="image/png">
        <acl entries="0" version="1"/>
    </resource>
    <resource type="BinaryResource" name="statistic.png" skip="no" owner="SYSTEM" group="dba" mode="644" created="2018-04-10T17:23:56.163+02:00" modified="2018-04-10T17:23:56.163+02:00" filename="statistic.png" mimetype="image/png">
        <acl entries="0" version="1"/>
    </resource>
    <resource type="BinaryResource" name="plus.gif" skip="no" owner="SYSTEM" group="dba" mode="644" created="2018-04-10T17:23:56.164+02:00" modified="2018-04-10T17:23:56.164+02:00" filename="plus.gif" mimetype="image/gif">
        <acl entries="0" version="1"/>
    </resource>
    <resource type="BinaryResource" name="plugin.gif" skip="no" owner="SYSTEM" group="dba" mode="644" created="2018-04-10T17:23:56.166+02:00" modified="2018-04-10T17:23:56.166+02:00" filename="plugin.gif" mimetype="image/gif">
        <acl entries="0" version="1"/>
    </resource>
    <resource type="BinaryResource" name="delete.png" skip="no" owner="SYSTEM" group="dba" mode="644" created="2018-04-10T17:23:56.167+02:00" modified="2018-04-10T17:23:56.167+02:00" filename="delete.png" mimetype="image/png">
        <acl entries="0" version="1"/>
    </resource>
    <resource type="BinaryResource" name="library.gif" skip="no" owner="SYSTEM" group="dba" mode="644" created="2018-04-10T17:23:56.168+02:00" modified="2018-04-10T17:23:56.168+02:00" filename="library.gif" mimetype="image/gif">
        <acl entries="0" version="1"/>
    </resource>
    <resource type="BinaryResource" name="upload-arrow.png" skip="no" owner="SYSTEM" group="dba" mode="644" created="2018-04-10T17:23:56.169+02:00" modified="2018-04-10T17:23:56.169+02:00" filename="upload-arrow.png" mimetype="image/png">
        <acl entries="0" version="1"/>
    </resource>
    <resource type="BinaryResource" name="upload.png" skip="no" owner="SYSTEM" group="dba" mode="644" created="2018-04-10T17:23:56.171+02:00" modified="2018-04-10T17:23:56.171+02:00" filename="upload.png" mimetype="image/png">
        <acl entries="0" version="1"/>
    </resource>
    <resource type="BinaryResource" name="plusss.png" skip="no" owner="SYSTEM" group="dba" mode="644" created="2018-04-10T17:23:56.172+02:00" modified="2018-04-10T17:23:56.172+02:00" filename="plusss.png" mimetype="image/png">
        <acl entries="0" version="1"/>
    </resource>
    <resource type="BinaryResource" name="dashboard.png" skip="no" owner="SYSTEM" group="dba" mode="644" created="2018-04-10T17:23:56.173+02:00" modified="2018-04-10T17:23:56.173+02:00" filename="dashboard.png" mimetype="image/png">
        <acl entries="0" version="1"/>
    </resource>
    <resource type="BinaryResource" name="app.gif" skip="no" owner="SYSTEM" group="dba" mode="644" created="2018-04-10T17:23:56.175+02:00" modified="2018-04-10T17:23:56.175+02:00" filename="app.gif" mimetype="image/gif">
        <acl entries="0" version="1"/>
    </resource>
    <resource type="BinaryResource" name="1332878545_user_group.png" skip="no" owner="SYSTEM" group="dba" mode="644" created="2018-04-10T17:23:56.176+02:00" modified="2018-04-10T17:23:56.176+02:00" filename="1332878545_user_group.png" mimetype="image/png">
        <acl entries="0" version="1"/>
    </resource>
    <resource type="BinaryResource" name="library2-mark.gif" skip="no" owner="SYSTEM" group="dba" mode="644" created="2018-04-10T17:23:56.177+02:00" modified="2018-04-10T17:23:56.177+02:00" filename="library2-mark.gif" mimetype="image/gif">
        <acl entries="0" version="1"/>
    </resource>
    <resource type="BinaryResource" name="close.png" skip="no" owner="SYSTEM" group="dba" mode="644" created="2018-04-10T17:23:56.179+02:00" modified="2018-04-10T17:23:56.179+02:00" filename="close.png" mimetype="image/png">
        <acl entries="0" version="1"/>
    </resource>
    <resource type="BinaryResource" name="configuration.png" skip="no" owner="SYSTEM" group="dba" mode="644" created="2018-04-10T17:23:56.18+02:00" modified="2018-04-10T17:23:56.18+02:00" filename="configuration.png" mimetype="image/png">
        <acl entries="0" version="1"/>
    </resource>
    <resource type="BinaryResource" name="library2.gif" skip="no" owner="SYSTEM" group="dba" mode="644" created="2018-04-10T17:23:56.182+02:00" modified="2018-04-10T17:23:56.182+02:00" filename="library2.gif" mimetype="image/gif">
        <acl entries="0" version="1"/>
    </resource>
    <resource type="BinaryResource" name="favicon.ico" skip="no" owner="SYSTEM" group="dba" mode="644" created="2018-04-10T17:23:56.183+02:00" modified="2018-04-10T17:23:56.183+02:00" filename="favicon.ico" mimetype="image/vnd.microsoft.icon">
        <acl entries="0" version="1"/>
    </resource>
    <resource type="BinaryResource" name="config-gear.png" skip="no" owner="SYSTEM" group="dba" mode="644" created="2018-04-10T17:23:56.184+02:00" modified="2018-04-10T17:23:56.184+02:00" filename="config-gear.png" mimetype="image/png">
        <acl entries="0" version="1"/>
    </resource>
    <resource type="BinaryResource" name="tooltipConnectorDown.gif" skip="no" owner="SYSTEM" group="dba" mode="644" created="2018-04-10T17:23:56.143+02:00" modified="2018-04-10T17:23:56.143+02:00" filename="tooltipConnectorDown.gif" mimetype="image/gif">
        <acl entries="0" version="1"/>
    </resource>
    <resource type="BinaryResource" name="folder.png" skip="no" owner="SYSTEM" group="dba" mode="644" created="2018-04-10T17:23:56.145+02:00" modified="2018-04-10T17:23:56.145+02:00" filename="folder.png" mimetype="image/png">
        <acl entries="0" version="1"/>
    </resource>
    <resource type="BinaryResource" name="user-admin.png" skip="no" owner="SYSTEM" group="dba" mode="644" created="2018-04-10T17:23:56.146+02:00" modified="2018-04-10T17:23:56.146+02:00" filename="user-admin.png" mimetype="image/png">
        <acl entries="0" version="1"/>
    </resource>
    <resource type="BinaryResource" name="package.png" skip="no" owner="SYSTEM" group="dba" mode="644" created="2018-04-10T17:23:56.148+02:00" modified="2018-04-10T17:23:56.148+02:00" filename="package.png" mimetype="image/png">
        <acl entries="0" version="1"/>
    </resource>
    <resource type="BinaryResource" name="close_exit.png" skip="no" owner="SYSTEM" group="dba" mode="644" created="2018-04-10T17:23:56.149+02:00" modified="2018-04-10T17:23:56.149+02:00" filename="close_exit.png" mimetype="image/png">
        <acl entries="0" version="1"/>
    </resource>
    <resource type="BinaryResource" name="release-notes.png" skip="no" owner="SYSTEM" group="dba" mode="644" created="2018-04-10T17:23:56.15+02:00" modified="2018-04-10T17:23:56.15+02:00" filename="release-notes.png" mimetype="image/png">
        <acl entries="0" version="1"/>
    </resource>
    <resource type="BinaryResource" name="pluss.png" skip="no" owner="SYSTEM" group="dba" mode="644" created="2018-04-10T17:23:56.151+02:00" modified="2018-04-10T17:23:56.151+02:00" filename="pluss.png" mimetype="image/png">
        <acl entries="0" version="1"/>
    </resource>
    <resource type="BinaryResource" name="Java-icon.png" skip="no" owner="SYSTEM" group="dba" mode="644" created="2018-04-10T17:23:56.152+02:00" modified="2018-04-10T17:23:56.152+02:00" filename="Java-icon.png" mimetype="image/png">
        <acl entries="0" version="1"/>
    </resource>
    <resource type="BinaryResource" name="plugin2.gif" skip="no" owner="SYSTEM" group="dba" mode="644" created="2018-04-10T17:23:56.153+02:00" modified="2018-04-10T17:23:56.153+02:00" filename="plugin2.gif" mimetype="image/gif">
        <acl entries="0" version="1"/>
    </resource>
    <resource type="BinaryResource" name="plugin2-mark.gif" skip="no" owner="SYSTEM" group="dba" mode="644" created="2018-04-10T17:23:56.154+02:00" modified="2018-04-10T17:23:56.154+02:00" filename="plugin2-mark.gif" mimetype="image/gif">
        <acl entries="0" version="1"/>
    </resource>
    <resource type="BinaryResource" name="remove.png" skip="no" owner="SYSTEM" group="dba" mode="644" created="2018-04-10T17:23:56.155+02:00" modified="2018-04-10T17:23:56.155+02:00" filename="remove.png" mimetype="image/png">
        <acl entries="0" version="1"/>
    </resource>
    <resource type="BinaryResource" name="help.png" skip="no" owner="SYSTEM" group="dba" mode="644" created="2018-04-10T17:23:56.156+02:00" modified="2018-04-10T17:23:56.156+02:00" filename="help.png" mimetype="image/png">
        <acl entries="0" version="1"/>
    </resource>
</collection>