<collection xmlns="http://exist.sourceforge.net/NS/exist" name="/db/apps/exist-book/integration/rest-query/people" version="1" owner="admin" group="dba" mode="775" created="2018-04-10T17:57:32.699+02:00">
    <acl entries="0" version="1"/>
    <resource type="XMLResource" name="john-smith.xml" skip="no" owner="admin" group="dba" mode="664" created="2018-04-10T17:57:32.704+02:00" modified="2018-04-10T17:57:32.704+02:00" filename="john-smith.xml" mimetype="application/xml">
        <acl entries="0" version="1"/>
    </resource>
    <resource type="XMLResource" name="george-baker.xml" skip="no" owner="admin" group="dba" mode="664" created="2018-04-10T17:57:32.721+02:00" modified="2018-04-10T17:57:32.721+02:00" filename="george-baker.xml" mimetype="application/xml">
        <acl entries="0" version="1"/>
    </resource>
    <resource type="XMLResource" name="barbara-jones.xml" skip="no" owner="admin" group="dba" mode="664" created="2018-04-10T17:57:32.742+02:00" modified="2018-04-10T17:57:32.742+02:00" filename="barbara-jones.xml" mimetype="application/xml">
        <acl entries="0" version="1"/>
    </resource>
</collection>