<?xml version="1.0" encoding="UTF-8"?>
<person>
    <name>
        <first-name>Barbara</first-name>
        <family-name>Jones</family-name>
    </name>
    <born>
        <date>1964-01-19</date>
        <location>
            <settlement>Exeter</settlement>
            <country>United Kingdom</country>
        </location>
    </born>
    <residence>
        <location>
            <address-line>7 Mill Croft</address-line>
            <settlement>Exeter</settlement>
            <county>Devon</county>
            <country>United Kindom</country>
        </location>
    </residence>
    <contact>
        <telehone type="mobile">+44 6666 123456</telehone>
        <email>barbara@jones.com</email>
    </contact>
</person>