<collection xmlns="http://exist.sourceforge.net/NS/exist" name="/db/apps/exist-book/getting-started" version="1" owner="admin" group="dba" mode="775" created="2018-04-10T17:57:34.784+02:00">
    <acl entries="0" version="1"/>
    <resource type="XMLResource" name="xinclude-envelope.xml" skip="no" owner="admin" group="dba" mode="664" created="2018-04-10T17:57:34.787+02:00" modified="2018-04-10T17:57:34.787+02:00" filename="xinclude-envelope.xml" mimetype="application/xml">
        <acl entries="0" version="1"/>
    </resource>
    <resource type="XMLResource" name="xml-example.xml" skip="no" owner="admin" group="dba" mode="664" created="2018-04-10T17:57:34.792+02:00" modified="2018-04-10T17:57:34.792+02:00" filename="xml-example.xml" mimetype="application/xml">
        <acl entries="0" version="1"/>
    </resource>
    <resource type="XMLResource" name="hello-xforms.html" skip="no" owner="admin" group="dba" mode="664" created="2018-04-10T17:57:34.797+02:00" modified="2018-04-10T17:57:34.797+02:00" filename="hello-xforms.html" mimetype="text/html">
        <acl entries="0" version="1"/>
    </resource>
    <resource type="XMLResource" name="xinclude-content.xml" skip="no" owner="admin" group="dba" mode="664" created="2018-04-10T17:57:34.808+02:00" modified="2018-04-10T17:57:34.808+02:00" filename="xinclude-content.xml" mimetype="application/xml">
        <acl entries="0" version="1"/>
    </resource>
    <resource type="BinaryResource" name="hello-xforms-submit.xq" skip="no" owner="admin" group="dba" mode="775" created="2018-04-10T17:57:34.812+02:00" modified="2018-04-10T17:57:34.812+02:00" filename="hello-xforms-submit.xq" mimetype="application/xquery">
        <acl entries="0" version="1"/>
    </resource>
    <resource type="BinaryResource" name="hello-world-1.xq" skip="no" owner="admin" group="dba" mode="775" created="2018-04-10T17:57:34.819+02:00" modified="2018-04-10T17:57:34.819+02:00" filename="hello-world-1.xq" mimetype="application/xquery">
        <acl entries="0" version="1"/>
    </resource>
    <resource type="XMLResource" name="convert-items.xslt" skip="no" owner="admin" group="dba" mode="664" created="2018-04-10T17:57:34.827+02:00" modified="2018-04-10T17:57:34.827+02:00" filename="convert-items.xslt" mimetype="application/xslt+xml">
        <acl entries="0" version="1"/>
    </resource>
    <resource type="BinaryResource" name="transform-xsl.xq" skip="no" owner="admin" group="dba" mode="775" created="2018-04-10T17:57:34.832+02:00" modified="2018-04-10T17:57:34.832+02:00" filename="transform-xsl.xq" mimetype="application/xquery">
        <acl entries="0" version="1"/>
    </resource>
    <resource type="BinaryResource" name="hello-world-2.xq" skip="no" owner="admin" group="dba" mode="775" created="2018-04-10T17:57:34.838+02:00" modified="2018-04-10T17:57:34.838+02:00" filename="hello-world-2.xq" mimetype="application/xquery">
        <acl entries="0" version="1"/>
    </resource>
    <resource type="XMLResource" name="examples-contents.xml" skip="no" owner="admin" group="dba" mode="664" created="2018-04-10T17:57:34.845+02:00" modified="2018-04-10T17:57:34.845+02:00" filename="examples-contents.xml" mimetype="application/xml">
        <acl entries="0" version="1"/>
    </resource>
</collection>