<collection xmlns="http://exist.sourceforge.net/NS/exist" name="/db/apps/monex/modules" version="1" owner="monex" group="monex" mode="775" created="2018-04-10T17:23:57.498+02:00">
    <acl entries="0" version="1"/>
    <resource type="BinaryResource" name="hipchat.xql" skip="no" owner="monex" group="monex" mode="775" created="2018-04-10T17:23:57.518+02:00" modified="2018-04-10T17:23:57.518+02:00" filename="hipchat.xql" mimetype="application/xquery">
        <acl entries="0" version="1"/>
    </resource>
    <resource type="BinaryResource" name="test-app.xql" skip="no" owner="monex" group="monex" mode="775" created="2018-04-10T17:23:57.519+02:00" modified="2018-04-10T17:23:57.519+02:00" filename="test-app.xql" mimetype="application/xquery">
        <acl entries="0" version="1"/>
    </resource>
    <resource type="BinaryResource" name="config.xqm" skip="no" owner="monex" group="monex" mode="775" created="2018-04-10T17:23:57.499+02:00" modified="2018-04-10T17:23:57.499+02:00" filename="config.xqm" mimetype="application/xquery">
        <acl entries="0" version="1"/>
    </resource>
    <resource type="BinaryResource" name="schedule.xql" skip="no" owner="monex" group="monex" mode="775" created="2018-04-10T17:23:57.501+02:00" modified="2018-04-10T17:23:57.501+02:00" filename="schedule.xql" mimetype="application/xquery">
        <acl entries="0" version="1"/>
    </resource>
    <resource type="BinaryResource" name="admin.xql" skip="no" owner="monex" group="monex" mode="775" created="2018-04-10T17:23:57.502+02:00" modified="2018-04-10T17:23:57.502+02:00" filename="admin.xql" mimetype="application/xquery">
        <acl entries="0" version="1"/>
    </resource>
    <resource type="BinaryResource" name="index2json.xql" skip="no" owner="monex" group="monex" mode="775" created="2018-04-10T17:23:57.503+02:00" modified="2018-04-10T17:23:57.503+02:00" filename="index2json.xql" mimetype="application/xquery">
        <acl entries="0" version="1"/>
    </resource>
    <resource type="BinaryResource" name="notification.xql" skip="no" owner="monex" group="monex" mode="775" created="2018-04-10T17:23:57.504+02:00" modified="2018-04-10T17:23:57.504+02:00" filename="notification.xql" mimetype="application/xquery">
        <acl entries="0" version="1"/>
    </resource>
    <resource type="BinaryResource" name="test-timeline.xql" skip="no" owner="monex" group="monex" mode="775" created="2018-04-10T17:23:57.505+02:00" modified="2018-04-10T17:23:57.505+02:00" filename="test-timeline.xql" mimetype="application/xquery">
        <acl entries="0" version="1"/>
    </resource>
    <resource type="BinaryResource" name="job.xql" skip="no" owner="monex" group="monex" mode="775" created="2018-04-10T17:23:57.506+02:00" modified="2018-04-10T17:23:57.506+02:00" filename="job.xql" mimetype="application/xquery">
        <acl entries="0" version="1"/>
    </resource>
    <resource type="BinaryResource" name="unschedule.xql" skip="no" owner="monex" group="monex" mode="775" created="2018-04-10T17:23:57.508+02:00" modified="2018-04-10T17:23:57.508+02:00" filename="unschedule.xql" mimetype="application/xquery">
        <acl entries="0" version="1"/>
    </resource>
    <resource type="BinaryResource" name="view.xql" skip="no" owner="monex" group="monex" mode="775" created="2018-04-10T17:23:57.509+02:00" modified="2018-04-10T17:23:57.509+02:00" filename="view.xql" mimetype="application/xquery">
        <acl entries="0" version="1"/>
    </resource>
    <resource type="BinaryResource" name="test-timeline-prof.xql" skip="no" owner="monex" group="monex" mode="775" created="2018-04-10T17:23:57.51+02:00" modified="2018-04-10T17:23:57.51+02:00" filename="test-timeline-prof.xql" mimetype="application/xquery">
        <acl entries="0" version="1"/>
    </resource>
    <resource type="BinaryResource" name="suite.xql" skip="no" owner="monex" group="monex" mode="775" created="2018-04-10T17:23:57.511+02:00" modified="2018-04-10T17:23:57.511+02:00" filename="suite.xql" mimetype="application/xquery">
        <acl entries="0" version="1"/>
    </resource>
    <resource type="BinaryResource" name="app.xql" skip="no" owner="monex" group="monex" mode="775" created="2018-04-10T17:23:57.512+02:00" modified="2018-04-10T17:23:57.512+02:00" filename="app.xql" mimetype="application/xquery">
        <acl entries="0" version="1"/>
    </resource>
    <resource type="BinaryResource" name="remote.xql" skip="no" owner="monex" group="monex" mode="775" created="2018-04-10T17:23:57.513+02:00" modified="2018-04-10T17:23:57.513+02:00" filename="remote.xql" mimetype="application/xquery">
        <acl entries="0" version="1"/>
    </resource>
    <resource type="BinaryResource" name="collectionsAsHtml.xql" skip="no" owner="monex" group="monex" mode="775" created="2018-04-10T17:23:57.514+02:00" modified="2018-04-10T17:23:57.514+02:00" filename="collectionsAsHtml.xql" mimetype="application/xquery">
        <acl entries="0" version="1"/>
    </resource>
    <resource type="BinaryResource" name="update-timeline.xql" skip="no" owner="monex" group="monex" mode="775" created="2018-04-10T17:23:57.516+02:00" modified="2018-04-10T17:23:57.516+02:00" filename="update-timeline.xql" mimetype="application/xquery">
        <acl entries="0" version="1"/>
    </resource>
    <resource type="BinaryResource" name="indexes.xqm" skip="no" owner="monex" group="monex" mode="775" created="2018-04-10T17:23:57.517+02:00" modified="2018-04-10T17:23:57.517+02:00" filename="indexes.xqm" mimetype="application/xquery">
        <acl entries="0" version="1"/>
    </resource>
</collection>