<collection xmlns="http://exist.sourceforge.net/NS/exist" name="/db/apps/shared-resources/resources/images" version="1" owner="admin" group="dba" mode="775" created="2018-04-10T17:23:52.577+02:00">
    <acl entries="0" version="1"/>
    <resource type="BinaryResource" name="horizontal.gif" skip="no" owner="admin" group="dba" mode="775" created="2018-04-10T17:23:52.579+02:00" modified="2018-04-10T17:23:52.579+02:00" filename="horizontal.gif" mimetype="image/gif">
        <acl entries="0" version="1"/>
    </resource>
    <resource type="BinaryResource" name="noise.png" skip="no" owner="admin" group="dba" mode="775" created="2018-04-10T17:23:52.582+02:00" modified="2018-04-10T17:23:52.582+02:00" filename="noise.png" mimetype="image/png">
        <acl entries="0" version="1"/>
    </resource>
    <resource type="BinaryResource" name="existdb.png" skip="no" owner="admin" group="dba" mode="775" created="2018-04-10T17:23:52.584+02:00" modified="2018-04-10T17:23:52.584+02:00" filename="existdb.png" mimetype="image/png">
        <acl entries="0" version="1"/>
    </resource>
    <resource type="XMLResource" name="powered-by-whiteglass.svg" skip="no" owner="admin" group="dba" mode="775" created="2018-04-10T17:23:52.586+02:00" modified="2018-04-10T17:23:52.586+02:00" filename="powered-by-whiteglass.svg" mimetype="image/svg+xml">
        <acl entries="0" version="1"/>
    </resource>
    <resource type="BinaryResource" name="bgmenuhi.gif" skip="no" owner="admin" group="dba" mode="775" created="2018-04-10T17:23:52.751+02:00" modified="2018-04-10T17:23:52.751+02:00" filename="bgmenuhi.gif" mimetype="image/gif">
        <acl entries="0" version="1"/>
    </resource>
    <resource type="BinaryResource" name="header.gif" skip="no" owner="admin" group="dba" mode="775" created="2018-04-10T17:23:52.753+02:00" modified="2018-04-10T17:23:52.753+02:00" filename="header.gif" mimetype="image/gif">
        <acl entries="0" version="1"/>
    </resource>
    <resource type="BinaryResource" name="exist_icon_16x16.ico" skip="no" owner="admin" group="dba" mode="775" created="2018-04-10T17:23:52.755+02:00" modified="2018-04-10T17:23:52.755+02:00" filename="exist_icon_16x16.ico" mimetype="image/vnd.microsoft.icon">
        <acl entries="0" version="1"/>
    </resource>
    <resource type="BinaryResource" name="body-base.gif" skip="no" owner="admin" group="dba" mode="775" created="2018-04-10T17:23:52.758+02:00" modified="2018-04-10T17:23:52.758+02:00" filename="body-base.gif" mimetype="image/gif">
        <acl entries="0" version="1"/>
    </resource>
    <resource type="XMLResource" name="powered-by.svg" skip="no" owner="admin" group="dba" mode="775" created="2018-04-10T17:23:52.76+02:00" modified="2018-04-10T17:23:52.76+02:00" filename="powered-by.svg" mimetype="image/svg+xml">
        <acl entries="0" version="1"/>
    </resource>
    <resource type="BinaryResource" name="bgmenu.gif" skip="no" owner="admin" group="dba" mode="775" created="2018-04-10T17:23:52.795+02:00" modified="2018-04-10T17:23:52.795+02:00" filename="bgmenu.gif" mimetype="image/gif">
        <acl entries="0" version="1"/>
    </resource>
    <resource type="BinaryResource" name="body.gif" skip="no" owner="admin" group="dba" mode="775" created="2018-04-10T17:23:52.798+02:00" modified="2018-04-10T17:23:52.798+02:00" filename="body.gif" mimetype="image/gif">
        <acl entries="0" version="1"/>
    </resource>
    <resource type="XMLResource" name="existdb-web.svg" skip="no" owner="admin" group="dba" mode="775" created="2018-04-10T17:23:52.8+02:00" modified="2018-04-10T17:23:52.8+02:00" filename="existdb-web.svg" mimetype="image/svg+xml">
        <acl entries="0" version="1"/>
    </resource>
</collection>