<collection xmlns="http://exist.sourceforge.net/NS/exist" name="/db/apps/exist-book/integration/rest-query/GET" version="1" owner="admin" group="dba" mode="775" created="2018-04-10T17:57:32.793+02:00">
    <acl entries="0" version="1"/>
    <resource type="XMLResource" name="person-name-with-wrapper-results.xml" skip="no" owner="admin" group="dba" mode="664" created="2018-04-10T17:57:32.796+02:00" modified="2018-04-10T17:57:32.796+02:00" filename="person-name-with-wrapper-results.xml" mimetype="application/xml">
        <acl entries="0" version="1"/>
    </resource>
    <resource type="XMLResource" name="person-name-results.xml" skip="no" owner="admin" group="dba" mode="664" created="2018-04-10T17:57:32.806+02:00" modified="2018-04-10T17:57:32.806+02:00" filename="person-name-results.xml" mimetype="application/xml">
        <acl entries="0" version="1"/>
    </resource>
    <resource type="BinaryResource" name="person-name-with-wrapper.xq" skip="no" owner="admin" group="dba" mode="775" created="2018-04-10T17:57:32.816+02:00" modified="2018-04-10T17:57:32.816+02:00" filename="person-name-with-wrapper.xq" mimetype="application/xquery">
        <acl entries="0" version="1"/>
    </resource>
    <resource type="BinaryResource" name="person-name.xq" skip="no" owner="admin" group="dba" mode="775" created="2018-04-10T17:57:32.826+02:00" modified="2018-04-10T17:57:32.826+02:00" filename="person-name.xq" mimetype="application/xquery">
        <acl entries="0" version="1"/>
    </resource>
</collection>