<collection xmlns="http://exist.sourceforge.net/NS/exist" name="/db/apps/monex/resources/fonts" version="1" owner="monex" group="monex" mode="775" created="2018-04-10T17:23:57.693+02:00">
    <acl entries="0" version="1"/>
    <resource type="BinaryResource" name="fontawesome-webfont.woff" skip="no" owner="monex" group="monex" mode="664" created="2018-04-10T17:23:57.821+02:00" modified="2018-04-10T17:23:57.821+02:00" filename="fontawesome-webfont.woff" mimetype="application/font-woff">
        <acl entries="0" version="1"/>
    </resource>
    <resource type="BinaryResource" name="ionicons.eot" skip="no" owner="monex" group="monex" mode="664" created="2018-04-10T17:23:57.822+02:00" modified="2018-04-10T17:23:57.822+02:00" filename="ionicons.eot" mimetype="application/octet-stream">
        <acl entries="0" version="1"/>
    </resource>
    <resource type="BinaryResource" name="FontAwesome.otf" skip="no" owner="monex" group="monex" mode="664" created="2018-04-10T17:23:57.823+02:00" modified="2018-04-10T17:23:57.823+02:00" filename="FontAwesome.otf" mimetype="application/octet-stream">
        <acl entries="0" version="1"/>
    </resource>
    <resource type="BinaryResource" name="ionicons.woff" skip="no" owner="monex" group="monex" mode="664" created="2018-04-10T17:23:57.824+02:00" modified="2018-04-10T17:23:57.824+02:00" filename="ionicons.woff" mimetype="application/font-woff">
        <acl entries="0" version="1"/>
    </resource>
    <resource type="BinaryResource" name="fontawesome-webfont.eot" skip="no" owner="monex" group="monex" mode="664" created="2018-04-10T17:23:57.826+02:00" modified="2018-04-10T17:23:57.826+02:00" filename="fontawesome-webfont.eot" mimetype="application/octet-stream">
        <acl entries="0" version="1"/>
    </resource>
    <resource type="BinaryResource" name="fontawesome-webfont.ttf" skip="no" owner="monex" group="monex" mode="664" created="2018-04-10T17:23:57.827+02:00" modified="2018-04-10T17:23:57.827+02:00" filename="fontawesome-webfont.ttf" mimetype="application/octet-stream">
        <acl entries="0" version="1"/>
    </resource>
    <resource type="BinaryResource" name="ionicons.ttf" skip="no" owner="monex" group="monex" mode="664" created="2018-04-10T17:23:57.828+02:00" modified="2018-04-10T17:23:57.828+02:00" filename="ionicons.ttf" mimetype="application/octet-stream">
        <acl entries="0" version="1"/>
    </resource>
    <resource type="XMLResource" name="fontawesome-webfont.svg" skip="no" owner="monex" group="monex" mode="664" created="2018-04-10T17:23:57.695+02:00" modified="2018-04-10T17:23:57.695+02:00" filename="fontawesome-webfont.svg" mimetype="image/svg+xml">
        <acl entries="0" version="1"/>
    </resource>
    <resource type="XMLResource" name="ionicons.svg" skip="no" owner="monex" group="monex" mode="664" created="2018-04-10T17:23:57.75+02:00" modified="2018-04-10T17:23:57.75+02:00" filename="ionicons.svg" mimetype="image/svg+xml">
        <acl entries="0" version="1"/>
    </resource>
</collection>