<collection xmlns="http://exist.sourceforge.net/NS/exist" name="/db/apps/mon_exemple" version="1" owner="admin" group="dba" mode="755" created="2018-04-10T17:24:50.771+02:00">
    <acl entries="0" version="1"/>
    <resource type="BinaryResource" name="recherche_personnage.xq" skip="no" owner="admin" group="dba" mode="755" created="2018-04-12T17:25:34.869+02:00" modified="2018-04-12T17:25:52.251+02:00" filename="recherche_personnage.xq" mimetype="application/xquery">
        <acl entries="0" version="1"/>
    </resource>
    <resource type="BinaryResource" name="recherche_chaine.xq" skip="no" owner="admin" group="dba" mode="755" created="2018-04-12T17:23:56.236+02:00" modified="2018-04-25T01:11:38.687+02:00" filename="recherche_chaine.xq" mimetype="application/xquery">
        <acl entries="0" version="1"/>
    </resource>
    <resource type="BinaryResource" name="recherche_page_principale.xq" skip="no" owner="admin" group="dba" mode="755" created="2018-04-12T17:28:30.427+02:00" modified="2018-04-25T14:11:12.632+02:00" filename="recherche_page_principale.xq" mimetype="application/xquery">
        <acl entries="0" version="1"/>
    </resource>
    <resource type="BinaryResource" name="log-module.xqm" skip="no" owner="admin" group="dba" mode="755" created="2018-04-11T13:28:20.928+02:00" modified="2018-04-11T13:32:36.135+02:00" filename="log-module.xqm" mimetype="application/xquery">
        <acl entries="0" version="1"/>
    </resource>
    <subcollection name="log" filename="log"/>
    <subcollection name="autres" filename="autres"/>
    <subcollection name="data" filename="data"/>
</collection>