<collection xmlns="http://exist.sourceforge.net/NS/exist" name="/db/apps/shared-resources" version="1" owner="admin" group="dba" mode="775" created="2018-04-10T17:23:51.338+02:00">
    <acl entries="0" version="1"/>
    <resource type="XMLResource" name="expath-pkg.xml" skip="no" owner="admin" group="dba" mode="775" created="2018-04-10T17:23:51.354+02:00" modified="2018-04-10T17:23:51.354+02:00" filename="expath-pkg.xml" mimetype="application/xml">
        <acl entries="0" version="1"/>
    </resource>
    <resource type="XMLResource" name="build.xml" skip="no" owner="admin" group="dba" mode="775" created="2018-04-10T17:23:51.367+02:00" modified="2018-04-10T17:23:51.367+02:00" filename="build.xml" mimetype="application/xml">
        <acl entries="0" version="1"/>
    </resource>
    <resource type="BinaryResource" name="README.md" skip="no" owner="admin" group="dba" mode="775" created="2018-04-10T17:23:51.394+02:00" modified="2018-04-10T17:23:51.394+02:00" filename="README.md" mimetype="text/markdown">
        <acl entries="0" version="1"/>
    </resource>
    <resource type="XMLResource" name="repo.xml" skip="no" owner="admin" group="dba" mode="775" created="2018-04-10T17:23:53.82+02:00" modified="2018-04-10T17:23:53.82+02:00" filename="repo.xml" mimetype="application/xml">
        <acl entries="0" version="1"/>
    </resource>
    <subcollection name="content" filename="content"/>
    <subcollection name="resources" filename="resources"/>
</collection>