<?xml version="1.0" encoding="UTF-8"?>
<package xmlns="http://expath.org/ns/pkg" name="http://exist-db.org/apps/shared" abbrev="shared" version="0.4.2" spec="1.0">
    <title>Shared Resources: jquery, dojo, ace ...</title>
    <xquery>
        <namespace>http://exist-db.org/xquery/apps</namespace>
        <file>apputil.xql</file>
    </xquery>
    <xquery>
        <namespace>http://exist-db.org/xquery/templates</namespace>
        <file>templates.xql</file>
    </xquery>
    <xquery>
        <namespace>http://exist-db.org/apps/site-utils</namespace>
        <file>siteutils.xql</file>
    </xquery>
    <xquery>
        <namespace>http://exist-db.org/xquery/dbutil</namespace>
        <file>dbutils.xql</file>
    </xquery>
</package>