<?xml version="1.0" encoding="UTF-8"?>
<repo:meta xmlns="http://exist-db.org/xquery/repo" xmlns:repo="http://exist-db.org/xquery/repo">
    <repo:description>Shared resources used by other apps</repo:description>
    <repo:author>Wolfgang Meier</repo:author>
    <repo:website>https://github.com/eXist-db/shared-resources</repo:website>
    <repo:status>alpha</repo:status>
    <repo:license>GNU-LGPL</repo:license>
    <repo:copyright>true</repo:copyright>
    <repo:type>library</repo:type>
    <repo:target>shared-resources</repo:target>
    <repo:prepare/>
    <repo:finish/>
    <repo:permissions user="admin" group="dba" mode="0775"/>
    <changelog>
        <change version="0.3.5">
            <ul xmlns="http://www.w3.org/1999/xhtml">
                <li>Move site-wide CSS to shared-resources. Modularize design using less.</li>
                <li>Added bootstrap</li>
                <li>Bug fixes and minor improvements in templating</li>
                <li>Updated ace</li>
            </ul>
        </change>
        <change version="0.3.6">
            <ul xmlns="http://www.w3.org/1999/xhtml">
                <li>Small syntax error in templates.xql</li>
            </ul>
        </change>
        <change version="0.3.7">
            <ul xmlns="http://www.w3.org/1999/xhtml">
                <li>Externalised parameter value resolution in templating. Now useable outside XQuery URL Rewrite context.</li>
                <li>Updated ace</li>
            </ul>
        </change>
        <change version="0.3.8">
            <ul xmlns="http://www.w3.org/1999/xhtml">
                <li>Fixed permission checks in dbutil module: functions should not fail if user lacks the permission to browse into a collection.</li>
                <li>Updated ace</li>
                <li>Fixed templates:surround to report a proper error if a template could not be found.</li>
            </ul>
        </change>
        <change version="0.3.9">
            <ul xmlns="http://www.w3.org/1999/xhtml">
                <li>No release notes prepared for this version.</li>
            </ul>
        </change>
        <change version="0.4.0">
            <ul xmlns="http://www.w3.org/1999/xhtml">
                <li>No release notes prepared for this version.</li>
            </ul>
        </change>
        <change version="0.4.1">
            <ul xmlns="http://www.w3.org/1999/xhtml">
                <li>Fixed templates:each to not output empty element.</li>
                <li>Improved HTML output by stripping data-template attributes unless configuration option "debug" is set to true.</li>
                <li>Aligned limit of template:resolve to the max arity number in templates:call-with-args.</li>
                <li>Fixed for erroneous return type from two functions in apputil module affecting package installation.</li>
            </ul>
        </change>
        <change version="0.4.2">
            <ul xmlns="http://www.w3.org/1999/xhtml">
                <li>Minor release to restore package/@abbrev value to prevent problems on older systems querying public-repo.</li>
            </ul>
        </change>
    </changelog>
    
<deployed>2018-04-10T17:23:53.814+02:00</deployed></repo:meta>