<collection xmlns="http://exist.sourceforge.net/NS/exist" name="/db/apps/monex/resources/DataTables-1.10.7" version="1" owner="monex" group="monex" mode="775" created="2018-04-10T17:23:57.83+02:00">
    <acl entries="0" version="1"/>
    <resource type="BinaryResource" name="Readme.md" skip="no" owner="monex" group="monex" mode="664" created="2018-04-10T17:23:57.831+02:00" modified="2018-04-10T17:23:57.831+02:00" filename="Readme.md" mimetype="text/markdown">
        <acl entries="0" version="1"/>
    </resource>
    <resource type="BinaryResource" name="license.txt" skip="no" owner="monex" group="monex" mode="664" created="2018-04-10T17:23:57.833+02:00" modified="2018-04-10T17:23:57.833+02:00" filename="license.txt" mimetype="text/plain">
        <acl entries="0" version="1"/>
    </resource>
    <resource type="BinaryResource" name="Contributing.md" skip="no" owner="monex" group="monex" mode="664" created="2018-04-10T17:23:57.834+02:00" modified="2018-04-10T17:23:57.834+02:00" filename="Contributing.md" mimetype="text/markdown">
        <acl entries="0" version="1"/>
    </resource>
    <subcollection name="media" filename="media"/>
</collection>