<collection xmlns="http://exist.sourceforge.net/NS/exist" name="/db/apps/exist-book/extension-modules" version="1" owner="admin" group="dba" mode="775" created="2018-04-10T17:57:32.922+02:00">
    <acl entries="0" version="1"/>
    <resource type="BinaryResource" name="demo-zip.xq" skip="no" owner="admin" group="dba" mode="774" created="2018-04-10T17:57:32.925+02:00" modified="2018-04-10T17:57:32.925+02:00" filename="demo-zip.xq" mimetype="application/xquery">
        <acl entries="0" version="1"/>
    </resource>
    <resource type="BinaryResource" name="test-http-client.xq" skip="no" owner="admin" group="dba" mode="775" created="2018-04-10T17:57:32.94+02:00" modified="2018-04-10T17:57:32.94+02:00" filename="test-http-client.xq" mimetype="application/xquery">
        <acl entries="0" version="1"/>
    </resource>
    <resource type="BinaryResource" name="do-send-mail.xq" skip="no" owner="admin" group="dba" mode="775" created="2018-04-10T17:57:32.954+02:00" modified="2018-04-10T17:57:32.954+02:00" filename="do-send-mail.xq" mimetype="application/xquery">
        <acl entries="0" version="1"/>
    </resource>
    <resource type="BinaryResource" name="start-scheduled-job.xq" skip="no" owner="admin" group="dba" mode="775" created="2018-04-10T17:57:32.984+02:00" modified="2018-04-10T17:57:32.984+02:00" filename="start-scheduled-job.xq" mimetype="application/xquery">
        <acl entries="0" version="1"/>
    </resource>
    <resource type="BinaryResource" name="do-scheduled-job.xq" skip="no" owner="admin" group="dba" mode="775" created="2018-04-10T17:57:33.014+02:00" modified="2018-04-10T17:57:33.014+02:00" filename="do-scheduled-job.xq" mimetype="application/xquery">
        <acl entries="0" version="1"/>
    </resource>
    <resource type="BinaryResource" name="send-mail.xq" skip="no" owner="admin" group="dba" mode="775" created="2018-04-10T17:57:33.026+02:00" modified="2018-04-10T17:57:33.026+02:00" filename="send-mail.xq" mimetype="application/xquery">
        <acl entries="0" version="1"/>
    </resource>
    <resource type="BinaryResource" name="test-image.xq" skip="no" owner="admin" group="dba" mode="775" created="2018-04-10T17:57:33.037+02:00" modified="2018-04-10T17:57:33.037+02:00" filename="test-image.xq" mimetype="application/xquery">
        <acl entries="0" version="1"/>
    </resource>
    <resource type="BinaryResource" name="test-contentextraction.xq" skip="no" owner="admin" group="dba" mode="775" created="2018-04-10T17:57:33.063+02:00" modified="2018-04-10T17:57:33.063+02:00" filename="test-contentextraction.xq" mimetype="application/xquery">
        <acl entries="0" version="1"/>
    </resource>
    <resource type="XMLResource" name="sort-node-set.xml" skip="no" owner="admin" group="dba" mode="664" created="2018-04-10T17:57:33.075+02:00" modified="2018-04-10T17:57:33.075+02:00" filename="sort-node-set.xml" mimetype="application/xml">
        <acl entries="0" version="1"/>
    </resource>
    <resource type="BinaryResource" name="cache-example.xq" skip="no" owner="admin" group="dba" mode="775" created="2018-04-10T17:57:33.083+02:00" modified="2018-04-10T17:57:33.083+02:00" filename="cache-example.xq" mimetype="application/xquery">
        <acl entries="0" version="1"/>
    </resource>
    <resource type="BinaryResource" name="sort-example.xq" skip="no" owner="admin" group="dba" mode="775" created="2018-04-10T17:57:33.101+02:00" modified="2018-04-10T17:57:33.101+02:00" filename="sort-example.xq" mimetype="application/xquery">
        <acl entries="0" version="1"/>
    </resource>
    <resource type="XMLResource" name="examples-contents.xml" skip="no" owner="admin" group="dba" mode="664" created="2018-04-10T17:57:33.123+02:00" modified="2018-04-10T17:57:33.123+02:00" filename="examples-contents.xml" mimetype="application/xml">
        <acl entries="0" version="1"/>
    </resource>
    <subcollection name="data" filename="data"/>
</collection>