<?xml version="1.0" encoding="UTF-8"?>
<eXist101-Log><LogEntry timestamp="2018-04-11T13:35:12.04+02:00">Visited plays-home</LogEntry><LogEntry timestamp="2018-04-11T13:35:36.043+02:00">Visited plays-home</LogEntry><LogEntry timestamp="2018-04-11T13:35:38.286+02:00">Visited plays-home</LogEntry><LogEntry timestamp="2018-04-11T13:35:40.502+02:00">Visited plays-home</LogEntry><LogEntry timestamp="2018-04-11T13:35:43.166+02:00">Visited plays-home</LogEntry><LogEntry timestamp="2018-04-11T13:38:27.21+02:00">Une requête a été effectuée. Recherche du terme {$searchphrase}</LogEntry><LogEntry timestamp="2018-04-11T13:38:30.232+02:00">Une requête a été effectuée. Recherche du terme {$searchphrase}</LogEntry><LogEntry timestamp="2018-04-11T13:38:32.368+02:00">Une requête a été effectuée. Recherche du terme {$searchphrase}</LogEntry><LogEntry timestamp="2018-04-11T13:38:34.695+02:00">Une requête a été effectuée. Recherche du terme {$searchphrase}</LogEntry><LogEntry timestamp="2018-04-11T13:39:36.102+02:00">Une requête a été effectuée. Recherche du terme {$searchphrase}viejos</LogEntry><LogEntry timestamp="2018-04-11T13:39:37.682+02:00">Une requête a été effectuée. Recherche du terme {$searchphrase}viejos</LogEntry><LogEntry timestamp="2018-04-11T13:39:39.564+02:00">Une requête a été effectuée. Recherche du terme {$searchphrase}viejos</LogEntry><LogEntry timestamp="2018-04-11T13:40:37.629+02:00">Une requête a été effectuée. Recherche du terme "fuero"</LogEntry><LogEntry timestamp="2018-04-11T13:40:41.477+02:00">Une requête a été effectuée. Recherche du terme "fueron"</LogEntry><LogEntry timestamp="2018-04-11T13:43:46.65+02:00">Une requête a été effectuée. Recherche du terme "el fijo"</LogEntry><LogEntry timestamp="2018-04-11T13:43:51.412+02:00">Une requête a été effectuée. Recherche du terme "su fijo"</LogEntry><LogEntry timestamp="2018-04-11T13:43:57.915+02:00">Une requête a été effectuée. Recherche du terme "fijo"</LogEntry><LogEntry timestamp="2018-04-11T13:44:17.572+02:00">Une requête a été effectuée. Recherche du terme "su fijo"</LogEntry><LogEntry timestamp="2018-04-11T13:44:58.34+02:00">Une requête a été effectuée. Recherche du terme "sufijo"</LogEntry><LogEntry timestamp="2018-04-11T13:45:02.216+02:00">Une requête a été effectuée. Recherche du terme "su  fijo"</LogEntry><LogEntry timestamp="2018-04-11T13:45:10.847+02:00">Une requête a été effectuée. Recherche du terme "fijos"</LogEntry><LogEntry timestamp="2018-04-11T17:11:34.344+02:00">Une requête a été effectuée. Recherche de la personne "ssd"</LogEntry><LogEntry timestamp="2018-04-11T17:11:42.239+02:00">Une requête a été effectuée. Recherche du terme "d"</LogEntry><LogEntry timestamp="2018-04-11T17:11:46.412+02:00">Une requête a été effectuée. Recherche de la personne "ssd"</LogEntry><LogEntry timestamp="2018-04-11T17:12:13.514+02:00">Une requête a été effectuée. Recherche de la personne "ssd"</LogEntry><LogEntry timestamp="2018-04-11T17:14:18.687+02:00">Une requête a été effectuée. Recherche de la personne ""</LogEntry><LogEntry timestamp="2018-04-11T17:20:31.768+02:00">Une requête a été effectuée. Recherche de la personne ""</LogEntry><LogEntry timestamp="2018-04-11T17:52:19.01+02:00">Une requête a été effectuée. Recherche du terme "dezía"</LogEntry><LogEntry timestamp="2018-04-11T17:52:23.418+02:00">Une requête a été effectuée. Recherche du terme "dezia"</LogEntry><LogEntry timestamp="2018-04-11T17:52:28.709+02:00">Une requête a été effectuée. Recherche du terme "di-e"</LogEntry><LogEntry timestamp="2018-04-11T17:52:33.88+02:00">Une requête a été effectuée. Recherche du terme "diçe"</LogEntry><LogEntry timestamp="2018-04-11T17:52:39.811+02:00">Une requête a été effectuée. Recherche du terme "que"</LogEntry><LogEntry timestamp="2018-04-11T18:07:54.353+02:00">Une requête a été effectuée. Recherche du terme "que"</LogEntry><LogEntry timestamp="2018-04-11T18:10:07.169+02:00">Une requête a été effectuée. Recherche du terme "cuando"</LogEntry><LogEntry timestamp="2018-04-11T18:10:11.708+02:00">Une requête a été effectuée. Recherche du terme "quando"</LogEntry><LogEntry timestamp="2018-04-11T18:12:49.575+02:00">Une requête a été effectuée. Recherche du terme ""</LogEntry><LogEntry timestamp="2018-04-11T18:13:02.586+02:00">Une requête a été effectuée. Recherche du terme ""</LogEntry><LogEntry timestamp="2018-04-11T19:26:31.926+02:00">Une requête a été effectuée. Recherche du personnage "Dalila"</LogEntry><LogEntry timestamp="2018-04-11T19:27:44.321+02:00">Une requête a été effectuée. Recherche des exemples associés au personnage "Dalila"</LogEntry><LogEntry timestamp="2018-04-12T00:01:23.8+02:00">Une requête a été effectuée. Recherche de la chaîne de caractères "eso "</LogEntry><LogEntry timestamp="2018-04-12T00:01:29.925+02:00">Une requête a été effectuée. Recherche de la chaîne de caractères "eso"</LogEntry><LogEntry timestamp="2018-04-12T00:01:48.111+02:00">Une requête a été effectuée. Recherche des exemples associés au personnage "David"</LogEntry><LogEntry timestamp="2018-04-12T00:02:36.31+02:00">Une requête a été effectuée. Recherche des exemples associés au personnage "Cleopatre"</LogEntry><LogEntry timestamp="2018-04-12T00:03:05.09+02:00">Une requête a été effectuée. Recherche des exemples associés au personnage "Cleopatre"</LogEntry><LogEntry timestamp="2018-04-12T00:03:25.214+02:00">Une requête a été effectuée. Recherche de la chaîne de caractères "ante"</LogEntry><LogEntry timestamp="2018-04-12T11:42:59.803+02:00">Une requête a été effectuée. Recherche des exemples associés au personnage "Absalom"</LogEntry><LogEntry timestamp="2018-04-12T11:45:41.188+02:00">Une requête a été effectuée. Recherche des exemples associés au personnage "Absalom"</LogEntry><LogEntry timestamp="2018-04-12T11:51:14.146+02:00">Une requête a été effectuée. Recherche des exemples associés au personnage "Absalom"</LogEntry><LogEntry timestamp="2018-04-12T11:52:54.381+02:00">Une requête a été effectuée. Recherche des exemples associés au personnage "Absalom"</LogEntry><LogEntry timestamp="2018-04-12T12:02:24.175+02:00">Une requête a été effectuée. Recherche des exemples associés au personnage "Absalom"</LogEntry><LogEntry timestamp="2018-04-12T12:03:25.388+02:00">Une requête a été effectuée. Recherche des exemples associés au personnage "Absalom"</LogEntry><LogEntry timestamp="2018-04-12T12:03:34.372+02:00">Une requête a été effectuée. Recherche des exemples associés au personnage "Absalom"</LogEntry><LogEntry timestamp="2018-04-12T12:03:40.402+02:00">Une requête a été effectuée. Recherche des exemples associés au personnage "Theodose"</LogEntry><LogEntry timestamp="2018-04-12T12:06:23.572+02:00">Une requête a été effectuée. Recherche des exemples associés au personnage "Theodose"</LogEntry><LogEntry timestamp="2018-04-12T12:06:25.641+02:00">Une requête a été effectuée. Recherche des exemples associés au personnage "Theodose"</LogEntry><LogEntry timestamp="2018-04-12T12:07:39.593+02:00">Une requête a été effectuée. Recherche des exemples associés au personnage "Theodose"</LogEntry><LogEntry timestamp="2018-04-12T12:10:00.344+02:00">Une requête a été effectuée. Recherche des exemples associés au personnage "Theodose"</LogEntry><LogEntry timestamp="2018-04-12T12:13:25.496+02:00">Une requête a été effectuée. Recherche des exemples associés au personnage "Theodose"</LogEntry><LogEntry timestamp="2018-04-12T12:14:14.642+02:00">Une requête a été effectuée. Recherche des exemples associés au personnage "Theodose"</LogEntry><LogEntry timestamp="2018-04-12T12:14:23.929+02:00">Une requête a été effectuée. Recherche des exemples associés au personnage "Theodose"</LogEntry><LogEntry timestamp="2018-04-12T12:14:33.249+02:00">Une requête a été effectuée. Recherche des exemples associés au personnage "Theodose"</LogEntry><LogEntry timestamp="2018-04-12T12:16:55.384+02:00">Une requête a été effectuée. Recherche des exemples associés au personnage "Theodose"</LogEntry><LogEntry timestamp="2018-04-12T12:18:39.027+02:00">Une requête a été effectuée. Recherche des exemples associés au personnage "Theodose"</LogEntry><LogEntry timestamp="2018-04-12T12:20:38.76+02:00">Une requête a été effectuée. Recherche des exemples associés au personnage "Theodose"</LogEntry><LogEntry timestamp="2018-04-12T12:20:43.376+02:00">Une requête a été effectuée. Recherche des exemples associés au personnage "Theodose"</LogEntry><LogEntry timestamp="2018-04-12T12:21:22.556+02:00">Une requête a été effectuée. Recherche des exemples associés au personnage "Theodose"</LogEntry><LogEntry timestamp="2018-04-12T12:21:29.357+02:00">Une requête a été effectuée. Recherche des exemples associés au personnage "Theodose"</LogEntry><LogEntry timestamp="2018-04-12T14:32:16.053+02:00">Une requête a été effectuée. Recherche des exemples associés au personnage "Sardanapale"</LogEntry><LogEntry timestamp="2018-04-12T14:32:23.984+02:00">Une requête a été effectuée. Recherche de la chaîne de caractères "eso"</LogEntry><LogEntry timestamp="2018-04-12T14:32:40.379+02:00">Une requête a été effectuée. Recherche des exemples associés au personnage "Sardanapale"</LogEntry><LogEntry timestamp="2018-04-12T14:32:48.516+02:00">Une requête a été effectuée. Recherche des exemples associés au personnage "Sardanapale"</LogEntry><LogEntry timestamp="2018-04-12T14:36:02.209+02:00">Une requête a été effectuée. Recherche des exemples associés au personnage "Sardanapale"</LogEntry><LogEntry timestamp="2018-04-12T14:36:23.733+02:00">Une requête a été effectuée. Recherche des exemples associés au personnage "Sardanapale"</LogEntry><LogEntry timestamp="2018-04-12T14:38:12.298+02:00">Une requête a été effectuée. Recherche des exemples associés au personnage "Sardanapale"</LogEntry><LogEntry timestamp="2018-04-12T14:39:51.937+02:00">Une requête a été effectuée. Recherche des exemples associés au personnage "Sardanapale"</LogEntry><LogEntry timestamp="2018-04-12T14:40:06.053+02:00">Une requête a été effectuée. Recherche des exemples associés au personnage "Sardanapale"</LogEntry><LogEntry timestamp="2018-04-12T14:41:20.201+02:00">Une requête a été effectuée. Recherche des exemples associés au personnage "Sardanapale"</LogEntry><LogEntry timestamp="2018-04-12T14:41:26.158+02:00">Une requête a été effectuée. Recherche des exemples associés au personnage "Sardanapale"</LogEntry><LogEntry timestamp="2018-04-12T14:41:32.216+02:00">Une requête a été effectuée. Recherche des exemples associés au personnage "Sardanapale"</LogEntry><LogEntry timestamp="2018-04-12T14:41:39.091+02:00">Une requête a été effectuée. Recherche des exemples associés au personnage "Sardanapale"</LogEntry><LogEntry timestamp="2018-04-12T14:41:58.525+02:00">Une requête a été effectuée. Recherche des exemples associés au personnage "Rodrigue"</LogEntry><LogEntry timestamp="2018-04-12T14:42:37.663+02:00">Une requête a été effectuée. Recherche des exemples associés au personnage "Rodrigue"</LogEntry><LogEntry timestamp="2018-04-12T14:44:19.848+02:00">Une requête a été effectuée. Recherche des exemples associés au personnage "Rodrigue"</LogEntry><LogEntry timestamp="2018-04-12T14:44:24.844+02:00">Une requête a été effectuée. Recherche des exemples associés au personnage "Rodrigue"</LogEntry><LogEntry timestamp="2018-04-12T14:44:37.087+02:00">Une requête a été effectuée. Recherche de la chaîne de caractères "quijote"</LogEntry><LogEntry timestamp="2018-04-12T14:44:51.754+02:00">Une requête a été effectuée. Recherche des exemples associés au personnage "JC"</LogEntry><LogEntry timestamp="2018-04-12T14:47:20.438+02:00">Une requête a été effectuée. Recherche des exemples associés au personnage "JC"</LogEntry><LogEntry timestamp="2018-04-12T15:23:35.943+02:00">Une requête a été effectuée. Recherche des exemples associés au personnage "femmes"</LogEntry><LogEntry timestamp="2018-04-12T15:24:52.814+02:00">Une requête a été effectuée. Recherche des exemples associés au personnage "femmes"</LogEntry><LogEntry timestamp="2018-04-12T15:25:00.583+02:00">Une requête a été effectuée. Recherche de la chaîne de caractères "quijote"</LogEntry><LogEntry timestamp="2018-04-12T15:25:38.542+02:00">Une requête a été effectuée. Recherche des exemples associés au personnage "Dyogene"</LogEntry><LogEntry timestamp="2018-04-12T15:25:46.038+02:00">Une requête a été effectuée. Recherche des exemples associés au personnage "Dyogene"</LogEntry><LogEntry timestamp="2018-04-12T15:25:49.644+02:00">Une requête a été effectuée. Recherche des exemples associés au personnage "Dyogene"</LogEntry><LogEntry timestamp="2018-04-12T15:25:56.588+02:00">Une requête a été effectuée. Recherche des exemples associés au personnage "Casto"</LogEntry><LogEntry timestamp="2018-04-12T15:26:15.269+02:00">Une requête a été effectuée. Recherche des exemples associés au personnage "Cleopatre"</LogEntry><LogEntry timestamp="2018-04-12T15:26:22.82+02:00">Une requête a été effectuée. Recherche des exemples associés au personnage "SAmbroise"</LogEntry><LogEntry timestamp="2018-04-12T15:26:33.847+02:00">Une requête a été effectuée. Recherche des exemples associés au personnage "femmes"</LogEntry><LogEntry timestamp="2018-04-12T15:33:11.253+02:00">Une requête a été effectuée. Recherche de la chaîne de caractères "eso"</LogEntry><LogEntry timestamp="2018-04-12T15:33:23.379+02:00">Une requête a été effectuée. Recherche de la chaîne de caractères "fuerte"</LogEntry><LogEntry timestamp="2018-04-12T15:33:31.114+02:00">Une requête a été effectuée. Recherche de la chaîne de caractères "el"</LogEntry><LogEntry timestamp="2018-04-12T15:36:00.524+02:00">Une requête a été effectuée. Recherche de la chaîne de caractères "el"</LogEntry><LogEntry timestamp="2018-04-12T15:36:13.473+02:00">Une requête a été effectuée. Recherche de la chaîne de caractères "el"</LogEntry><LogEntry timestamp="2018-04-12T15:37:45.081+02:00">Une requête a été effectuée. Recherche de la chaîne de caractères "el"</LogEntry><LogEntry timestamp="2018-04-12T15:37:54.183+02:00">Une requête a été effectuée. Recherche de la chaîne de caractères "el"</LogEntry><LogEntry timestamp="2018-04-12T15:38:52.791+02:00">Une requête a été effectuée. Recherche de la chaîne de caractères "el"</LogEntry><LogEntry timestamp="2018-04-12T15:41:13.216+02:00">Une requête a été effectuée. Recherche des exemples associés au personnage "SAmbroise"</LogEntry><LogEntry timestamp="2018-04-12T15:41:17.818+02:00">Une requête a été effectuée. Recherche des exemples associés au personnage "SAmbroise"</LogEntry><LogEntry timestamp="2018-04-12T15:41:58.641+02:00">Une requête a été effectuée. Recherche des exemples associés au personnage "Moise"</LogEntry><LogEntry timestamp="2018-04-12T15:45:01.928+02:00">Une requête a été effectuée. Recherche des exemples associés au personnage "David"</LogEntry><LogEntry timestamp="2018-04-12T17:21:18.439+02:00">Une requête a été effectuée. Recherche de la chaîne de caractères ""</LogEntry><LogEntry timestamp="2018-04-12T17:21:26.943+02:00">Une requête a été effectuée. Recherche de la chaîne de caractères ""</LogEntry><LogEntry timestamp="2018-04-12T17:21:38.717+02:00">Une requête a été effectuée. Recherche de la chaîne de caractères "a"</LogEntry><LogEntry timestamp="2018-04-12T17:21:49.88+02:00">Une requête a été effectuée. Recherche de la chaîne de caractères "Dios"</LogEntry><LogEntry timestamp="2018-04-12T17:24:19.967+02:00">Une requête a été effectuée. Recherche de la chaîne de caractères "Dios"</LogEntry><LogEntry timestamp="2018-04-12T17:25:12.183+02:00">Une requête a été effectuée. Recherche de la chaîne de caractères "Dios"</LogEntry><LogEntry timestamp="2018-04-12T17:25:58.586+02:00">Une requête a été effectuée. Recherche des exemples associés au personnage "Absalom"</LogEntry><LogEntry timestamp="2018-04-12T17:26:03.567+02:00">Une requête a été effectuée. Recherche des exemples associés au personnage "Absalom"</LogEntry><LogEntry timestamp="2018-04-12T17:29:39.14+02:00">Une requête a été effectuée. Recherche de la chaîne de caractères "biblia"</LogEntry><LogEntry timestamp="2018-04-12T17:29:49.542+02:00">Une requête a été effectuée. Recherche de la chaîne de caractères "bb"</LogEntry><LogEntry timestamp="2018-04-12T17:30:11.033+02:00">Une requête a été effectuée. Recherche de la chaîne de caractères "biblia"</LogEntry><LogEntry timestamp="2018-04-12T17:30:19.98+02:00">Une requête a été effectuée. Recherche de la chaîne de caractères "Pablo"</LogEntry><LogEntry timestamp="2018-04-12T17:30:50.174+02:00">Une requête a été effectuée. Recherche des exemples associés au personnage "Absalom"</LogEntry><LogEntry timestamp="2018-04-12T17:30:57.262+02:00">Une requête a été effectuée. Recherche des exemples associés au personnage "ScipionlA"</LogEntry><LogEntry timestamp="2018-04-12T17:31:02.421+02:00">Une requête a été effectuée. Recherche des exemples associés au personnage "Sardanapale"</LogEntry><LogEntry timestamp="2018-04-12T17:31:13.141+02:00">Une requête a été effectuée. Recherche de la chaîne de caractères "Pablo"</LogEntry><LogEntry timestamp="2018-04-12T17:31:26.465+02:00">Une requête a été effectuée. Recherche de la chaîne de caractères ""</LogEntry><LogEntry timestamp="2018-04-12T17:32:05.155+02:00">Une requête a été effectuée. Recherche de la chaîne de caractères "Pablo"</LogEntry><LogEntry timestamp="2018-04-12T17:32:13.632+02:00">Une requête a été effectuée. Recherche de la chaîne de caractères "Pablo"</LogEntry><LogEntry timestamp="2018-04-12T17:34:01.437+02:00">Une requête a été effectuée. Recherche des exemples associés au personnage "Absalom"</LogEntry><LogEntry timestamp="2018-04-12T17:34:03.587+02:00">Une requête a été effectuée. Recherche de la chaîne de caractères "Dios"</LogEntry><LogEntry timestamp="2018-04-12T17:34:09.924+02:00">Une requête a été effectuée. Recherche de la chaîne de caractères "Pablo"</LogEntry><LogEntry timestamp="2018-04-12T17:34:15.05+02:00">Une requête a été effectuée. Recherche de la chaîne de caractères "pablo"</LogEntry><LogEntry timestamp="2018-04-12T17:34:21.59+02:00">Une requête a été effectuée. Recherche de la chaîne de caractères "Dios"</LogEntry><LogEntry timestamp="2018-04-12T17:34:34.269+02:00">Une requête a été effectuée. Recherche de la chaîne de caractères "Dios"</LogEntry><LogEntry timestamp="2018-04-12T17:34:38.503+02:00">Une requête a été effectuée. Recherche de la chaîne de caractères "Dios"</LogEntry><LogEntry timestamp="2018-04-12T17:34:52.828+02:00">Une requête a été effectuée. Recherche de la chaîne de caractères "i"</LogEntry><LogEntry timestamp="2018-04-12T17:35:01.811+02:00">Une requête a été effectuée. Recherche de la chaîne de caractères "Dios"</LogEntry><LogEntry timestamp="2018-04-12T17:35:30.53+02:00">Une requête a été effectuée. Recherche de la chaîne de caractères "a"</LogEntry><LogEntry timestamp="2018-04-12T17:35:37.192+02:00">Une requête a été effectuée. Recherche de la chaîne de caractères "Dios"</LogEntry><LogEntry timestamp="2018-04-12T17:35:45.793+02:00">Une requête a été effectuée. Recherche de la chaîne de caractères "Dios"</LogEntry><LogEntry timestamp="2018-04-12T17:46:07.982+02:00">Une requête a été effectuée. Recherche de la chaîne de caractères "Dios"</LogEntry><LogEntry timestamp="2018-04-12T17:46:21.313+02:00">Une requête a été effectuée. Recherche de la chaîne de caractères "a%Dios"</LogEntry><LogEntry timestamp="2018-04-12T17:46:27.313+02:00">Une requête a été effectuée. Recherche de la chaîne de caractères "a Dios"</LogEntry><LogEntry timestamp="2018-04-12T17:46:35.051+02:00">Une requête a été effectuée. Recherche de la chaîne de caractères "e Dios"</LogEntry><LogEntry timestamp="2018-04-12T17:46:39.459+02:00">Une requête a été effectuée. Recherche de la chaîne de caractères "e Dios"</LogEntry><LogEntry timestamp="2018-04-12T17:48:02.055+02:00">Une requête a été effectuée. Recherche de la chaîne de caractères "e Dios"</LogEntry><LogEntry timestamp="2018-04-12T17:48:13.099+02:00">Une requête a été effectuée. Recherche de la chaîne de caractères "y Dios"</LogEntry><LogEntry timestamp="2018-04-12T17:48:17.295+02:00">Une requête a été effectuée. Recherche de la chaîne de caractères "a Dios"</LogEntry><LogEntry timestamp="2018-04-12T17:48:24.881+02:00">Une requête a été effectuée. Recherche de la chaîne de caractères "e el Rey"</LogEntry><LogEntry timestamp="2018-04-12T17:48:28.976+02:00">Une requête a été effectuée. Recherche de la chaîne de caractères "el Rey"</LogEntry><LogEntry timestamp="2018-04-12T17:48:43.362+02:00">Une requête a été effectuée. Recherche de la chaîne de caractères "virtut de Dios"</LogEntry><LogEntry timestamp="2018-04-12T17:48:49.415+02:00">Une requête a été effectuée. Recherche de la chaîne de caractères "virtut de"</LogEntry><LogEntry timestamp="2018-04-12T17:59:09.005+02:00">Une requête a été effectuée. Recherche de la chaîne de caractères "Dios"</LogEntry><LogEntry timestamp="2018-04-12T17:59:16.702+02:00">Une requête a été effectuée. Recherche de la chaîne de caractères "Dio"</LogEntry><LogEntry timestamp="2018-04-12T17:59:28.88+02:00">Une requête a été effectuée. Recherche de la chaîne de caractères "dio"</LogEntry><LogEntry timestamp="2018-04-12T23:22:14.755+02:00">Une requête a été effectuée. Recherche de la chaîne de caractères ""</LogEntry><LogEntry timestamp="2018-04-12T23:23:25.739+02:00">Une requête a été effectuée. Recherche des exemples associés au personnage "Rufin"</LogEntry><LogEntry timestamp="2018-04-12T23:23:33.891+02:00">Une requête a été effectuée. Recherche des exemples associés au personnage "Rufin"</LogEntry><LogEntry timestamp="2018-04-12T23:42:03.516+02:00">Une requête a été effectuée. Recherche des exemples associés au personnage "JC"</LogEntry><LogEntry timestamp="2018-04-12T23:42:36.33+02:00">Une requête a été effectuée. Recherche des exemples associés au personnage "JC"</LogEntry><LogEntry timestamp="2018-04-12T23:44:36.152+02:00">Une requête a été effectuée. Recherche de la chaîne de caractères "magnanimidad"</LogEntry><LogEntry timestamp="2018-04-12T23:44:40.823+02:00">Une requête a été effectuée. Recherche de la chaîne de caractères "magnanimidat"</LogEntry><LogEntry timestamp="2018-04-12T23:44:45.722+02:00">Une requête a été effectuée. Recherche de la chaîne de caractères "magnanimitad"</LogEntry><LogEntry timestamp="2018-04-12T23:44:49.149+02:00">Une requête a été effectuée. Recherche de la chaîne de caractères "magnanimita"</LogEntry><LogEntry timestamp="2018-04-12T23:45:04.627+02:00">Une requête a été effectuée. Recherche de la chaîne de caractères "fuerça"</LogEntry><LogEntry timestamp="2018-04-12T23:45:19.09+02:00">Une requête a été effectuée. Recherche de la chaîne de caractères "fuerça"</LogEntry><LogEntry timestamp="2018-04-12T23:47:38.395+02:00">Une requête a été effectuée. Recherche de la chaîne de caractères "Rey"</LogEntry><LogEntry timestamp="2018-04-13T18:39:48.346+02:00">Une requête a été effectuée. Recherche des exemples associés au personnage "Dieu"</LogEntry><LogEntry timestamp="2018-04-13T18:42:08.598+02:00">Une requête a été effectuée. Recherche de la chaîne de caractères "Dios"</LogEntry><LogEntry timestamp="2018-04-13T18:42:16.021+02:00">Une requête a été effectuée. Recherche de la chaîne de caractères "Dios"</LogEntry><LogEntry timestamp="2018-04-13T19:31:15.493+02:00">Une requête a été effectuée. Recherche de la chaîne de caractères "dio"</LogEntry><LogEntry timestamp="2018-04-13T19:31:25.082+02:00">Une requête a été effectuée. Recherche de la chaîne de caractères "dio"</LogEntry><LogEntry timestamp="2018-04-13T19:31:35.312+02:00">Une requête a été effectuée. Recherche des exemples associés au personnage "Sanson"</LogEntry><LogEntry timestamp="2018-04-13T19:32:02.774+02:00">Une requête a été effectuée. Recherche des exemples associés au personnage "Sanson"</LogEntry><LogEntry timestamp="2018-04-18T00:11:41.274+02:00">Une requête a été effectuée. Recherche des exemples associés au personnage "Neron"</LogEntry><LogEntry timestamp="2018-04-18T00:11:51.809+02:00">Une requête a été effectuée. Recherche des exemples associés au personnage "Sanson"</LogEntry><LogEntry timestamp="2018-04-18T00:13:05.576+02:00">Une requête a été effectuée. Recherche des exemples associés au personnage "femmes"</LogEntry><LogEntry timestamp="2018-04-18T00:14:21.898+02:00">Une requête a été effectuée. Recherche des exemples associés au personnage "femmes"</LogEntry><LogEntry timestamp="2018-04-18T00:14:28.472+02:00">Une requête a été effectuée. Recherche des exemples associés au personnage "Vespasien"</LogEntry><LogEntry timestamp="2018-04-18T00:14:47.313+02:00">Une requête a été effectuée. Recherche des exemples associés au personnage "David"</LogEntry><LogEntry timestamp="2018-04-18T13:49:34.886+02:00">Une requête a été effectuée. Recherche de la chaîne de caractères "Dios"</LogEntry><LogEntry timestamp="2018-04-18T13:49:43.203+02:00">Une requête a été effectuée. Recherche de la chaîne de caractères "Dios"</LogEntry><LogEntry timestamp="2018-04-18T13:50:04.014+02:00">Une requête a été effectuée. Recherche des exemples associés au personnage "David"</LogEntry><LogEntry timestamp="2018-04-19T11:39:33.408+02:00">Une requête a été effectuée. Recherche de la chaîne de caractères "Dios"</LogEntry><LogEntry timestamp="2018-04-19T11:40:28.692+02:00">Une requête a été effectuée. Recherche des exemples associés au personnage "David"</LogEntry><LogEntry timestamp="2018-04-24T10:32:18.993+01:00">Une requête a été effectuée. Recherche de la chaîne de caractères "deus"</LogEntry><LogEntry timestamp="2018-04-24T10:32:23.231+01:00">Une requête a été effectuée. Recherche de la chaîne de caractères "dios"</LogEntry><LogEntry timestamp="2018-04-24T10:32:27.607+01:00">Une requête a été effectuée. Recherche de la chaîne de caractères "dios"</LogEntry><LogEntry timestamp="2018-04-24T10:32:33.382+01:00">Une requête a été effectuée. Recherche de la chaîne de caractères "Dios"</LogEntry><LogEntry timestamp="2018-04-24T10:41:09.177+01:00">Une requête a été effectuée. Recherche de la chaîne de caractères "Dios"</LogEntry><LogEntry timestamp="2018-04-24T12:13:40.337+01:00">Une requête a été effectuée. Recherche de la chaîne de caractères "Dios"</LogEntry><LogEntry timestamp="2018-04-25T13:11:20.083+01:00">Une requête a été effectuée. Recherche de la chaîne de caractères "Dios"</LogEntry></eXist101-Log>