<collection xmlns="http://exist.sourceforge.net/NS/exist" name="/db/apps/monex/resources/DataTables-1.10.7/media/js" version="1" owner="monex" group="monex" mode="775" created="2018-04-10T17:23:57.846+02:00">
    <acl entries="0" version="1"/>
    <resource type="BinaryResource" name="jquery.dataTables.min.js" skip="no" owner="monex" group="monex" mode="664" created="2018-04-10T17:23:57.847+02:00" modified="2018-04-10T17:23:57.847+02:00" filename="jquery.dataTables.min.js" mimetype="application/javascript">
        <acl entries="0" version="1"/>
    </resource>
    <resource type="BinaryResource" name="jquery.js" skip="no" owner="monex" group="monex" mode="664" created="2018-04-10T17:23:57.849+02:00" modified="2018-04-10T17:23:57.849+02:00" filename="jquery.js" mimetype="application/javascript">
        <acl entries="0" version="1"/>
    </resource>
    <resource type="BinaryResource" name="dataTables.responsive.js" skip="no" owner="monex" group="monex" mode="664" created="2018-04-10T17:23:57.85+02:00" modified="2018-04-10T17:23:57.85+02:00" filename="dataTables.responsive.js" mimetype="application/javascript">
        <acl entries="0" version="1"/>
    </resource>
    <resource type="BinaryResource" name="dataTables.bootstrap.js" skip="no" owner="monex" group="monex" mode="664" created="2018-04-10T17:23:57.851+02:00" modified="2018-04-10T17:23:57.851+02:00" filename="dataTables.bootstrap.js" mimetype="application/javascript">
        <acl entries="0" version="1"/>
    </resource>
    <resource type="BinaryResource" name="jquery.dataTables.js" skip="no" owner="monex" group="monex" mode="664" created="2018-04-10T17:23:57.852+02:00" modified="2018-04-10T17:23:57.852+02:00" filename="jquery.dataTables.js" mimetype="application/javascript">
        <acl entries="0" version="1"/>
    </resource>
</collection>