<collection xmlns="http://exist.sourceforge.net/NS/exist" name="/db/apps/exist-book/working-with-the-database" version="1" owner="admin" group="dba" mode="775" created="2018-04-10T17:57:34.654+02:00">
    <acl entries="0" version="1"/>
    <resource type="BinaryResource" name="update-document-1.xq" skip="no" owner="admin" group="dba" mode="775" created="2018-04-10T17:57:34.657+02:00" modified="2018-04-10T17:57:34.657+02:00" filename="update-document-1.xq" mimetype="application/xquery">
        <acl entries="0" version="1"/>
    </resource>
    <resource type="BinaryResource" name="traverse.xq" skip="no" owner="admin" group="dba" mode="775" created="2018-04-10T17:57:34.681+02:00" modified="2018-04-10T17:57:34.681+02:00" filename="traverse.xq" mimetype="application/xquery">
        <acl entries="0" version="1"/>
    </resource>
    <resource type="BinaryResource" name="delete-request.xq" skip="no" owner="admin" group="dba" mode="775" created="2018-04-10T17:57:34.698+02:00" modified="2018-04-10T17:57:34.698+02:00" filename="delete-request.xq" mimetype="application/xquery">
        <acl entries="0" version="1"/>
    </resource>
    <resource type="BinaryResource" name="post-request.xq" skip="no" owner="admin" group="dba" mode="775" created="2018-04-10T17:57:34.705+02:00" modified="2018-04-10T17:57:34.705+02:00" filename="post-request.xq" mimetype="application/xquery">
        <acl entries="0" version="1"/>
    </resource>
    <resource type="BinaryResource" name="put-request.xq" skip="no" owner="admin" group="dba" mode="775" created="2018-04-10T17:57:34.717+02:00" modified="2018-04-10T17:57:34.717+02:00" filename="put-request.xq" mimetype="application/xquery">
        <acl entries="0" version="1"/>
    </resource>
    <resource type="BinaryResource" name="show-collection-use.xq" skip="no" owner="admin" group="dba" mode="775" created="2018-04-10T17:57:34.729+02:00" modified="2018-04-10T17:57:34.729+02:00" filename="show-collection-use.xq" mimetype="application/xquery">
        <acl entries="0" version="1"/>
    </resource>
    <resource type="BinaryResource" name="show-uri-encoding.xq" skip="no" owner="admin" group="dba" mode="775" created="2018-04-10T17:57:34.75+02:00" modified="2018-04-10T17:57:34.75+02:00" filename="show-uri-encoding.xq" mimetype="application/xquery">
        <acl entries="0" version="1"/>
    </resource>
    <resource type="XMLResource" name="examples-contents.xml" skip="no" owner="admin" group="dba" mode="664" created="2018-04-10T17:57:34.77+02:00" modified="2018-04-10T17:57:34.77+02:00" filename="examples-contents.xml" mimetype="application/xml">
        <acl entries="0" version="1"/>
    </resource>
</collection>